Nazwa punktu pomiarowego,Grupa,Budynek,Klatka,Lokal,Właściciel,Lokalizacja,Uwagi,Mierzona wielkość,Nr miernika,Typ urządzenia,Nr radiowy,Objętość [m3] wrzesień 2020,"Objętość [m3] 
sierpień
 2020",Objętość [m3] lipiec 2020
1589558,odczyty z dnia 2020-07-01,Orzechowa 46,,1,,-,,CW,61543325,AT-WMBUS-16-2,1589558,34.19,33.945,32.519
1591745,odczyty z dnia 2020-07-01,Orzechowa 46,,1,,-,,ZW,61592165,AT-WMBUS-16-2,1591745,59.951,59.594,57.301
1589101,odczyty z dnia 2020-07-01,Orzechowa 46,,2,,-,,CW,61543228,AT-WMBUS-16-2,1589101,26.878,25.838,24.766
1600749,odczyty z dnia 2020-07-01,Orzechowa 46,,2,,-,,ZW,61592063,AT-WMBUS-16-2,1600749,34.03,29.07,23.415
1607736,odczyty z dnia 2020-07-01,Orzechowa 46,,3,,-,,CW,61543151,AT-WMBUS-16-2,1607736,82.555,81.119,80.681
1591356,odczyty z dnia 2020-07-01,Orzechowa 46,,3,,-,,ZW,61591168,AT-WMBUS-16-2,1591356,110.952,108.682,107.766
1606647,odczyty z dnia 2020-07-01,Orzechowa 46,,4,,-,,CW,61543152,AT-WMBUS-16-2,1606647,216.664,209.534,201.259
1567116,odczyty z dnia 2020-07-01,Orzechowa 46,,4,,-,,ZW,61592138,AT-WMBUS-16-2,1567116,194.227,187.722,180.912
1608504,odczyty z dnia 2020-07-01,Orzechowa 46,,5,,-,,CW,61543171,AT-WMBUS-16-2,1608504,121.877,117.309,111.702
1567090,odczyty z dnia 2020-07-01,Orzechowa 46,,5,,-,,ZW,61592140,AT-WMBUS-16-2,1567090,146.196,141.351,136.078
1598760,odczyty z dnia 2020-07-01,Orzechowa 46,,6,,-,,CW,61543178,AT-WMBUS-16-2,1598760,66.442,63.52,60.097
1591735,odczyty z dnia 2020-07-01,Orzechowa 46,,6,,-,,ZW,61592241,AT-WMBUS-16-2,1591735,94.742,89.899,86.357
1593478,odczyty z dnia 2020-07-01,Orzechowa 46,,7,,-,,CW,61543159,AT-WMBUS-16-2,1593478,123.206,118.094,111.799
1567546,odczyty z dnia 2020-07-01,Orzechowa 46,,7,,-,,ZW,61591209,AT-WMBUS-16-2,1567546,93.978,90.608,87.273
1601771,odczyty z dnia 2020-07-01,Orzechowa 46,,8,,-,,CW,61543318,AT-WMBUS-16-2,1601771,28.596,27.143,25.596
1591725,odczyty z dnia 2020-07-01,Orzechowa 46,,8,,-,,ZW,61592163,AT-WMBUS-16-2,1591725,57.25,53.904,51.174
1602899,odczyty z dnia 2020-07-01,Orzechowa 46,,9,,-,,CW,61543175,AT-WMBUS-16-2,1602899,33.563,32.403,31.559
1595883,odczyty z dnia 2020-07-01,Orzechowa 46,,9,,-,,ZW,61591210,AT-WMBUS-16-2,1595883,75.651,72.85,70.956
1603848,odczyty z dnia 2020-07-01,Orzechowa 46,,10,,-,,CW,61543165,AT-WMBUS-16-2,1603848,19.115,18.426,17.396
1589108,odczyty z dnia 2020-07-01,Orzechowa 46,,10,,-,,ZW,61592132,AT-WMBUS-16-2,1589108,46.149,44.487,42.661
1589505,odczyty z dnia 2020-07-01,Orzechowa 46,,11,,-,,CW,61543238,AT-WMBUS-16-2,1589505,52.375,52.375,52.375
1590750,odczyty z dnia 2020-07-01,Orzechowa 46,,11,,-,,ZW,61592088,AT-WMBUS-16-2,1590750,94.825,94.823,94.823
1587388,odczyty z dnia 2020-07-01,Orzechowa 46,,12,,-,,CW,61543292,AT-WMBUS-16-2,1587388,0.094,0.094,0.094
1570758,odczyty z dnia 2020-07-01,Orzechowa 46,,12,,-,,ZW,61591190,AT-WMBUS-16-2,1570758,2.678,2.573,2.497
1598109,odczyty z dnia 2020-07-01,Orzechowa 46,,13,,-,,CW,61543161,AT-WMBUS-16-2,1598109,52.041,50.782,48.95
1600860,odczyty z dnia 2020-07-01,Orzechowa 46,,13,,-,,ZW,61591199,AT-WMBUS-16-2,1600860,123.483,120.067,115.018
1588843,odczyty z dnia 2020-07-01,Orzechowa 46,,14,,-,,CW,61537084,AT-WMBUS-16-2,1588843,68.039,65.272,62.199
1583036,odczyty z dnia 2020-07-01,Orzechowa 46,,14,,-,,ZW,61592258,AT-WMBUS-16-2,1583036,51.911,50.515,49.105
1609438,odczyty z dnia 2020-07-01,Orzechowa 46,,15,,-,,CW,61543155,AT-WMBUS-16-2,1609438,90.844,86.419,82.05
1594699,odczyty z dnia 2020-07-01,Orzechowa 46,,15,,-,,ZW,61591173,AT-WMBUS-16-2,1594699,69.006,65.511,60.863
1598563,odczyty z dnia 2020-07-01,Orzechowa 46,,16,,-,,CW,61543167,AT-WMBUS-16-2,1598563,99.939,96.465,92.965
1591241,odczyty z dnia 2020-07-01,Orzechowa 46,,16,,-,,ZW,61591182,AT-WMBUS-16-2,1591241,173.534,167.467,161.079
1603750,odczyty z dnia 2020-07-01,Orzechowa 46,,17,,-,,CW,61543168,AT-WMBUS-16-2,1603750,76.182,73.303,69.493
1600675,odczyty z dnia 2020-07-01,Orzechowa 46,,17,,-,,ZW,61591223,AT-WMBUS-16-2,1600675,93.034,90.11,87.37
1588931,odczyty z dnia 2020-07-01,Orzechowa 46,,18,,-,,CW,61537081,AT-WMBUS-16-2,1588931,77.127,73.413,68.957
1602332,odczyty z dnia 2020-07-01,Orzechowa 46,,18,,-,,ZW,61592283,AT-WMBUS-16-2,1602332,87.773,83.733,79.434
1610020,odczyty z dnia 2020-07-01,Orzechowa 46,,19,,-,,CW,61543162,AT-WMBUS-16-2,1610020,78.32,75.595,71.883
1614135,odczyty z dnia 2020-07-01,Orzechowa 46,,19,,-,,ZW,61591207,AT-WMBUS-16-2,1614135,108.276,103.957,98.904
1590156,odczyty z dnia 2020-07-01,Orzechowa 46,,20,,-,,CW,61543233,AT-WMBUS-16-2,1590156,25.101,23.784,22.466
1600590,odczyty z dnia 2020-07-01,Orzechowa 46,,20,,-,,ZW,61592065,AT-WMBUS-16-2,1600590,37.117,36.016,34.927
1604947,odczyty z dnia 2020-07-01,Orzechowa 46,,21,,-,,CW,61543182,AT-WMBUS-16-2,1604947,99.269,95.689,92.109
1584818,odczyty z dnia 2020-07-01,Orzechowa 46,,21,,-,,ZW,61591224,AT-WMBUS-16-2,1584818,100.949,96.563,92.586
1608942,odczyty z dnia 2020-07-01,Orzechowa 46,,22,,-,,CW,61543146,AT-WMBUS-16-2,1608942,51.042,49.018,46.319
1601749,odczyty z dnia 2020-07-01,Orzechowa 46,,22,,-,,ZW,61591180,AT-WMBUS-16-2,1601749,111.292,108.519,102.854
1591004,odczyty z dnia 2020-07-01,Orzechowa 46,,23,,-,,CW,61543244,AT-WMBUS-16-2,1591004,94.502,91.163,87.443
1595967,odczyty z dnia 2020-07-01,Orzechowa 46,,23,,-,,ZW,61592071,AT-WMBUS-16-2,1595967,105.079,100.261,96.33
1592433,odczyty z dnia 2020-07-01,Orzechowa 46,,24,,-,,CW,61537068,AT-WMBUS-16-2,1592433,79.241,76.02,72.627
1595957,odczyty z dnia 2020-07-01,Orzechowa 46,,24,,-,,ZW,61592317,AT-WMBUS-16-2,1595957,84.293,80.585,77.189
1610142,odczyty z dnia 2020-07-01,Orzechowa 46,,25,,-,,CW,61543170,AT-WMBUS-16-2,1610142,88.401,85.102,81.716
1590689,odczyty z dnia 2020-07-01,Orzechowa 46,,25,,-,,ZW,61592133,AT-WMBUS-16-2,1590689,151.288,146.458,141.812
1595027,odczyty z dnia 2020-07-01,Orzechowa 46,,26,,-,,CW,61543173,AT-WMBUS-16-2,1595027,37.449,35.835,34.669
1600244,odczyty z dnia 2020-07-01,Orzechowa 46,,26,,-,,ZW,61591174,AT-WMBUS-16-2,1600244,39.633,38.155,37.273
1607459,odczyty z dnia 2020-07-01,Orzechowa 46,,27,,-,,CW,61543160,AT-WMBUS-16-2,1607459,4.813,4.81,4.808
1604283,odczyty z dnia 2020-07-01,Orzechowa 46,,27,,-,,ZW,61591206,AT-WMBUS-16-2,1604283,17.261,17.095,16.87
1601833,odczyty z dnia 2020-07-01,Orzechowa 46,,28,,-,,CW,61543143,AT-WMBUS-16-2,1601833,87.519,86.068,84.069
1591256,odczyty z dnia 2020-07-01,Orzechowa 46,,28,,-,,ZW,61591208,AT-WMBUS-16-2,1591256,131.535,128.142,124.853
1595777,odczyty z dnia 2020-07-01,Orzechowa 46,,29,,-,,CW,61591181,AT-WMBUS-16-2,1595777,65.802,64.173,64.173
1592836,odczyty z dnia 2020-07-01,Orzechowa 46,,29,,-,,ZW,61543158,AT-WMBUS-16-2,1592836,17.925,17.476,17.476
1601687,odczyty z dnia 2020-07-01,Orzechowa 46,,30,,-,,CW,61543169,AT-WMBUS-16-2,1601687,91.328,88.695,85.979
1603199,odczyty z dnia 2020-07-01,Orzechowa 46,,30,,-,,ZW,61592139,AT-WMBUS-16-2,1603199,138.864,134.682,130.404
1601709,odczyty z dnia 2020-07-01,Orzechowa 46,,Firanki,,-,,CW,61543144,AT-WMBUS-16-2,1601709,86.076,83.624,80.903
1609598,odczyty z dnia 2020-07-01,Orzechowa 46,,Firanki,,-,,ZW,61591189,AT-WMBUS-16-2,1609598,79.078,75.931,72.916
1588922,odczyty z dnia 2020-07-01,Orzechowa 46,,Fryzjer,,-,,CW,61543258,AT-WMBUS-16-2,1588922,306.28,296.284,291.054
1612376,odczyty z dnia 2020-07-01,Orzechowa 46,,Fryzjer,,-,,ZW,61592087,AT-WMBUS-16-2,1612376,346.962,337.1,331.263
1598038,odczyty z dnia 2020-07-01,Orzechowa 46,,Podreczniki,,-,,CW,61543163,AT-WMBUS-16-2,1598038,15.555,15.242,15
1596871,odczyty z dnia 2020-07-01,Orzechowa 46,,Podreczniki,,-,,ZW,61592243,AT-WMBUS-16-2,1596871,48.25,47.086,45.804
1593389,odczyty z dnia 2020-07-01,Orzechowa 46,,Rowery,,-,,CW,61543154,AT-WMBUS-16-2,1593389,6.922,6.691,6.454
1566168,odczyty z dnia 2020-07-01,Orzechowa 46,,Rowery,,-,,ZW,61591140,AT-WMBUS-16-2,1566168,14.356,13.651,13.047
1599323,odczyty z dnia 2020-07-01,Orzechowa 48,,1,,-,,CW,61543166,AT-WMBUS-16-2,1599323,51.055,48.749,46.392
1600265,odczyty z dnia 2020-07-01,Orzechowa 48,,1,,-,,ZW,61591202,AT-WMBUS-16-2,1600265,68.164,64.344,60.947
1614863,odczyty z dnia 2020-07-01,Orzechowa 48,,2,,-,,CW,61543147,AT-WMBUS-16-2,1614863,60.819,57.019,53.126
1600343,odczyty z dnia 2020-07-01,Orzechowa 48,,2,,-,,ZW,61592106,AT-WMBUS-16-2,1600343,61.624,58.186,54.764
1590539,odczyty z dnia 2020-07-01,Orzechowa 48,,3,,-,,CW,61543176,AT-WMBUS-16-2,1590539,30.114,28.809,27.407
1589153,odczyty z dnia 2020-07-01,Orzechowa 48,,3,,-,,ZW,61592219,AT-WMBUS-16-2,1589153,84.468,81.585,78.527
1600004,odczyty z dnia 2020-07-01,Orzechowa 48,,4,,-,,CW,61543204,AT-WMBUS-16-2,1600004,141.899,137.557,132.035
1600835,odczyty z dnia 2020-07-01,Orzechowa 48,,4,,-,,ZW,61591176,AT-WMBUS-16-2,1600835,196.562,189.187,180.361
1600315,odczyty z dnia 2020-07-01,Orzechowa 48,,5,,-,,CW,61543164,AT-WMBUS-16-2,1600315,40.745,39.553,38.178
1470469,odczyty z dnia 2020-07-01,Orzechowa 48,,5,,-,,ZW,61591132,AT-WMBUS-16-2,1470469,95.843,92.78,89.803
1596728,odczyty z dnia 2020-07-01,Orzechowa 48,,6,,-,,CW,61543148,AT-WMBUS-16-2,1596728,43.584,41.9,40.393
1579087,odczyty z dnia 2020-07-01,Orzechowa 48,,6,,-,,ZW,61591165,AT-WMBUS-16-2,1579087,41.949,40.318,39.036
1600371,odczyty z dnia 2020-07-01,Orzechowa 48,,7,,-,,CW,61592089,AT-WMBUS-16-2,1600371,65.077,62.936,61.027
1592699,odczyty z dnia 2020-07-01,Orzechowa 48,,7,,-,,ZW,61543235,AT-WMBUS-16-2,1592699,92.443,88.959,85.469
1605484,odczyty z dnia 2020-07-01,Orzechowa 48,,8,,-,,CW,61543157,AT-WMBUS-16-2,1605484,112.729,108.353,103.562
1568357,odczyty z dnia 2020-07-01,Orzechowa 48,,8,,-,,ZW,61591148,AT-WMBUS-16-2,1568357,175.253,168.153,161.744
1588861,odczyty z dnia 2020-07-01,Orzechowa 48,,9,,-,,CW,61543236,AT-WMBUS-16-2,1588861,49.034,47.971,46.43
1600804,odczyty z dnia 2020-07-01,Orzechowa 48,,9,,-,,ZW,61592053,AT-WMBUS-16-2,1600804,43.892,42.44,40.429
1595471,odczyty z dnia 2020-07-01,Orzechowa 48,,10,,-,,CW,61543174,AT-WMBUS-16-2,1595471,48.552,46.234,43.761
1580517,odczyty z dnia 2020-07-01,Orzechowa 48,,10,,-,,ZW,61591164,AT-WMBUS-16-2,1580517,103.393,98.278,93.452
1603653,odczyty z dnia 2020-07-01,Orzechowa 48,,11,,-,,CW,61543153,AT-WMBUS-16-2,1603653,69.787,67.044,64.843
1614229,odczyty z dnia 2020-07-01,Orzechowa 48,,11,,-,,ZW,61591198,AT-WMBUS-16-2,1614229,111.174,106.79,103.488
1589579,odczyty z dnia 2020-07-01,Orzechowa 48,,12,,-,,CW,61543234,AT-WMBUS-16-2,1589579,30.042,29.2,28.234
1595891,odczyty z dnia 2020-07-01,Orzechowa 48,,12,,-,,ZW,61592052,AT-WMBUS-16-2,1595891,58.329,56.273,54.085
1607346,odczyty z dnia 2020-07-01,Orzechowa 48,,13,,-,,CW,61543172,AT-WMBUS-16-2,1607346,21.931,20.886,19.695
1600263,odczyty z dnia 2020-07-01,Orzechowa 48,,13,,-,,ZW,61591136,AT-WMBUS-16-2,1600263,58.079,55.348,51.448
1602882,odczyty z dnia 2020-07-01,Orzechowa 48,,14,,-,,CW,61543186,AT-WMBUS-16-2,1602882,66.133,63.41,60.287
1569039,odczyty z dnia 2020-07-01,Orzechowa 48,,14,,-,,ZW,61591139,AT-WMBUS-16-2,1569039,52.343,49.994,47.436
1597393,odczyty z dnia 2020-07-01,Orzechowa 48,,15,,-,,CW,61543211,AT-WMBUS-16-2,1597393,184.824,179.656,174.399
1613667,odczyty z dnia 2020-07-01,Orzechowa 48,,15,,-,,ZW,61591186,AT-WMBUS-16-2,1613667,118.36,115.305,111.968
1607907,odczyty z dnia 2020-07-01,Orzechowa 48,,16,,-,,CW,61543156,AT-WMBUS-16-2,1607907,22.069,21.15,20.297
1599440,odczyty z dnia 2020-07-01,Orzechowa 48,,16,,-,,ZW,61591178,AT-WMBUS-16-2,1599440,93.38,89.808,86.696
1600109,odczyty z dnia 2020-07-01,Orzechowa 48,,17,,-,,CW,61543177,AT-WMBUS-16-2,1600109,57.661,54.834,53.964
1596841,odczyty z dnia 2020-07-01,Orzechowa 48,,17,,-,,ZW,61591204,AT-WMBUS-16-2,1596841,101.944,96.231,94.812
1599545,odczyty z dnia 2020-07-01,Orzechowa 48,,18,,-,,CW,61543218,AT-WMBUS-16-2,1599545,18.622,17.848,17.01
1619256,odczyty z dnia 2020-07-01,Orzechowa 48,,18,,-,,ZW,61591193,AT-WMBUS-16-2,1619256,39.825,38.605,37.391
1598710,odczyty z dnia 2020-07-01,Orzechowa 48,,19,,-,,CW,61543206,AT-WMBUS-16-2,1598710,34.428,33.465,32.125
1567787,odczyty z dnia 2020-07-01,Orzechowa 48,,19,,-,,ZW,61591133,AT-WMBUS-16-2,1567787,70.918,69.031,66.842
1598173,odczyty z dnia 2020-07-01,Orzechowa 48,,20,,-,,CW,61543217,AT-WMBUS-16-2,1598173,18.212,17.862,17.639
1568458,odczyty z dnia 2020-07-01,Orzechowa 48,,20,,-,,ZW,61591183,AT-WMBUS-16-2,1568458,66.586,64.571,63.223
1602251,odczyty z dnia 2020-07-01,Orzechowa 48,,21,,-,,CW,61543219,AT-WMBUS-16-2,1602251,125.939,121.242,116.762
1567729,odczyty z dnia 2020-07-01,Orzechowa 48,,21,,-,,ZW,61591160,AT-WMBUS-16-2,1567729,117.944,112.923,108.897
1597776,odczyty z dnia 2020-07-01,Orzechowa 48,,22,,-,,CW,61543195,AT-WMBUS-16-2,1597776,84.068,84.012,84.01
1612265,odczyty z dnia 2020-07-01,Orzechowa 48,,22,,-,,ZW,61591201,AT-WMBUS-16-2,1612265,113.502,113.345,113.331
1598893,odczyty z dnia 2020-07-01,Orzechowa 48,,23,,-,,CW,61543194,AT-WMBUS-16-2,1598893,30.389,29.526,28.586
1595941,odczyty z dnia 2020-07-01,Orzechowa 48,,23,,-,,ZW,61591200,AT-WMBUS-16-2,1595941,84.449,82.455,80.39
1603748,odczyty z dnia 2020-07-01,Orzechowa 48,,24,,-,,CW,61543207,AT-WMBUS-16-2,1603748,64.815,62.024,59.147
1481292,odczyty z dnia 2020-07-01,Orzechowa 48,,24,,-,,ZW,61591175,AT-WMBUS-16-2,1481292,114.735,110.29,105.666
1600082,odczyty z dnia 2020-07-01,Orzechowa 48,,25,,-,,CW,61543200,AT-WMBUS-16-2,1600082,68.383,66.002,63.548
1618084,odczyty z dnia 2020-07-01,Orzechowa 48,,25,,-,,ZW,61591185,AT-WMBUS-16-2,1618084,121.607,117.938,114.081
1601980,odczyty z dnia 2020-07-01,Orzechowa 48,,26,,-,,CW,61543202,AT-WMBUS-16-2,1601980,54.42,52.646,50.862
1616711,odczyty z dnia 2020-07-01,Orzechowa 48,,26,,-,,ZW,61591191,AT-WMBUS-16-2,1616711,56.485,54.408,52.525
1597007,odczyty z dnia 2020-07-01,Orzechowa 48,,27,,-,,CW,61543181,AT-WMBUS-16-2,1597007,128.443,124.522,120.181
1614525,odczyty z dnia 2020-07-01,Orzechowa 48,,27,,-,,ZW,61591184,AT-WMBUS-16-2,1614525,279.986,268.687,257.742
1599265,odczyty z dnia 2020-07-01,Orzechowa 48,,28,,-,,CW,61543203,AT-WMBUS-16-2,1599265,60.152,56.133,49.881
1588771,odczyty z dnia 2020-07-01,Orzechowa 48,,28,,-,,ZW,61592324,AT-WMBUS-16-2,1588771,81.628,75.04,66.817
1606827,odczyty z dnia 2020-07-01,Orzechowa 48,,29,,-,,CW,61543145,AT-WMBUS-16-2,1606827,124.539,123.384,123.364
1595737,odczyty z dnia 2020-07-01,Orzechowa 48,,29,,-,,ZW,61592064,AT-WMBUS-16-2,1595737,157.725,153.63,153.454
1609170,odczyty z dnia 2020-07-01,Orzechowa 48,,30,,-,,CW,61543192,AT-WMBUS-16-2,1609170,61.876,61.326,60.763
1578660,odczyty z dnia 2020-07-01,Orzechowa 48,,30,,-,,ZW,61591192,AT-WMBUS-16-2,1578660,141.344,137.055,133.811
1589382,odczyty z dnia 2020-07-01,Orzechowa 48,,31,,-,,CW,61543239,AT-WMBUS-16-2,1589382,57.325,55.154,52.6
1590800,odczyty z dnia 2020-07-01,Orzechowa 48,,31,,-,,ZW,61592084,AT-WMBUS-16-2,1590800,86.134,82.664,79.202
1589883,odczyty z dnia 2020-07-01,Orzechowa 48,,sklep,,-,,CW,61543247,AT-WMBUS-16-2,1589883,12.329,12.058,11.921
1588751,odczyty z dnia 2020-07-01,Orzechowa 48,,sklep,,-,,ZW,61592062,AT-WMBUS-16-2,1588751,65.311,64.927,64.658
1590854,odczyty z dnia 2020-07-01,Orzechowa 48,,strych,,-,,CW,61537069,AT-WMBUS-16-2,1590854,0.105,0.105,0.105
1599500,odczyty z dnia 2020-07-01,Orzechowa 48,,strych,,-,,ZW,61592070,AT-WMBUS-16-2,1599500,6.868,6.868,6.724
1586495,odczyty z dnia 2020-07-01,Orzechowa 50,,1,,-,,CW,61543284,AT-WMBUS-16-2,1586495,151.35,145.958,139.463
1600383,odczyty z dnia 2020-07-01,Orzechowa 50,,1,,-,,ZW,61591235,AT-WMBUS-16-2,1600383,179.432,173.637,167.256
1585050,odczyty z dnia 2020-07-01,Orzechowa 50,,2,,-,,CW,61543283,AT-WMBUS-16-2,1585050,90.674,87.444,84.625
1600229,odczyty z dnia 2020-07-01,Orzechowa 50,,2,,-,,ZW,61591244,AT-WMBUS-16-2,1600229,163.114,156.985,151.978
1589103,odczyty z dnia 2020-07-01,Orzechowa 50,,3,,-,,CW,61543189,AT-WMBUS-16-2,1589103,67.598,64.725,61.558
1600047,odczyty z dnia 2020-07-01,Orzechowa 50,,3,,-,,ZW,61592115,AT-WMBUS-16-2,1600047,96.489,90.992,86.054
1586643,odczyty z dnia 2020-07-01,Orzechowa 50,,4,,-,,CW,61543301,AT-WMBUS-16-2,1586643,17.667,17.303,16.641
1599572,odczyty z dnia 2020-07-01,Orzechowa 50,,4,,-,,ZW,61591221,AT-WMBUS-16-2,1599572,33.622,32.919,32.017
1585190,odczyty z dnia 2020-07-01,Orzechowa 50,,5,,-,,CW,61543253,AT-WMBUS-16-2,1585190,75.842,74.033,71.396
1599599,odczyty z dnia 2020-07-01,Orzechowa 50,,5,,-,,ZW,61591230,AT-WMBUS-16-2,1599599,97.57,95.183,91.693
1597407,odczyty z dnia 2020-07-01,Orzechowa 50,,6,,-,,CW,61543286,AT-WMBUS-16-2,1597407,16.029,16.008,15.993
1613992,odczyty z dnia 2020-07-01,Orzechowa 50,,6,,-,,ZW,61591177,AT-WMBUS-16-2,1613992,26.307,26.219,26.151
1582655,odczyty z dnia 2020-07-01,Orzechowa 50,,7,,-,,CW,61543275,AT-WMBUS-16-2,1582655,110.467,106.58,102.524
1599718,odczyty z dnia 2020-07-01,Orzechowa 50,,7,,-,,ZW,61591228,AT-WMBUS-16-2,1599718,80.297,77.726,75.078
1586287,odczyty z dnia 2020-07-01,Orzechowa 50,,8,,-,,CW,61543294,AT-WMBUS-16-2,1586287,110.333,106.03,101.686
1599559,odczyty z dnia 2020-07-01,Orzechowa 50,,8,,-,,ZW,61591246,AT-WMBUS-16-2,1599559,128.847,125.165,121.906
1584538,odczyty z dnia 2020-07-01,Orzechowa 50,,9,,-,,CW,61543276,AT-WMBUS-16-2,1584538,167.777,162.563,159.498
1591503,odczyty z dnia 2020-07-01,Orzechowa 50,,9,,-,,ZW,61592276,AT-WMBUS-16-2,1591503,172.647,165.721,161.864
1588001,odczyty z dnia 2020-07-01,Orzechowa 50,,10,,-,,CW,61543229,AT-WMBUS-16-2,1588001,143.931,139.463,132.831
1600075,odczyty z dnia 2020-07-01,Orzechowa 50,,10,,-,,ZW,61591227,AT-WMBUS-16-2,1600075,156.818,150.543,143.16
1592762,odczyty z dnia 2020-07-01,Orzechowa 50,,11,,-,,CW,61543250,AT-WMBUS-16-2,1592762,53.427,52.997,52.851
1600449,odczyty z dnia 2020-07-01,Orzechowa 50,,11,,-,,ZW,61592090,AT-WMBUS-16-2,1600449,85.493,84.554,84.301
1588661,odczyty z dnia 2020-07-01,Orzechowa 50,,12,,-,,CW,61543231,AT-WMBUS-16-2,1588661,136.539,131.352,125.63
1615359,odczyty z dnia 2020-07-01,Orzechowa 50,,12,,-,,ZW,61592266,AT-WMBUS-16-2,1615359,95.786,92.497,89.183
1587835,odczyty z dnia 2020-07-01,Orzechowa 50,,13,,-,,CW,61543279,AT-WMBUS-16-2,1587835,37.429,36.078,34.569
1591446,odczyty z dnia 2020-07-01,Orzechowa 50,,13,,-,,ZW,61592265,AT-WMBUS-16-2,1591446,60.826,58.236,55.859
1585605,odczyty z dnia 2020-07-01,Orzechowa 50,,14,,-,,CW,61543237,AT-WMBUS-16-2,1585605,117.982,113.83,110.099
1595994,odczyty z dnia 2020-07-01,Orzechowa 50,,14,,-,,ZW,61591243,AT-WMBUS-16-2,1595994,153,148.503,144.221
1587804,odczyty z dnia 2020-07-01,Orzechowa 50,,15,,-,,CW,61543252,AT-WMBUS-16-2,1587804,214.754,212.338,209.956
1595767,odczyty z dnia 2020-07-01,Orzechowa 50,,15,,-,,ZW,61591212,AT-WMBUS-16-2,1595767,221.46,217.053,212.818
1585843,odczyty z dnia 2020-07-01,Orzechowa 50,,16,,-,,CW,61543280,AT-WMBUS-16-2,1585843,50.191,50.185,50.185
1599578,odczyty z dnia 2020-07-01,Orzechowa 50,,16,,-,,ZW,61591236,AT-WMBUS-16-2,1599578,143.298,143.284,143.284
1588226,odczyty z dnia 2020-07-01,Orzechowa 50,,17,,-,,CW,61543285,AT-WMBUS-16-2,1588226,68.739,66.054,63.143
1595925,odczyty z dnia 2020-07-01,Orzechowa 50,,17,,-,,ZW,61591248,AT-WMBUS-16-2,1595925,106.673,101.986,97.651
1586151,odczyty z dnia 2020-07-01,Orzechowa 50,,18,,-,,CW,61543290,AT-WMBUS-16-2,1586151,274.77,264.295,253.164
1606685,odczyty z dnia 2020-07-01,Orzechowa 50,,18,,-,,ZW,61591247,AT-WMBUS-16-2,1606685,267.763,255.393,243.471
1582889,odczyty z dnia 2020-07-01,Orzechowa 50,,19,,-,,CW,61543273,AT-WMBUS-16-2,1582889,153.735,147.776,141.129
1600286,odczyty z dnia 2020-07-01,Orzechowa 50,,19,,-,,ZW,61591220,AT-WMBUS-16-2,1600286,263.786,253.345,243.487
1582846,odczyty z dnia 2020-07-01,Orzechowa 50,,20,,-,,CW,61543271,AT-WMBUS-16-2,1582846,59.568,57.839,55.838
1600242,odczyty z dnia 2020-07-01,Orzechowa 50,,20,,-,,ZW,61591219,AT-WMBUS-16-2,1600242,128.021,124.208,120.136
1586477,odczyty z dnia 2020-07-01,Orzechowa 50,,21,,-,,CW,61543268,AT-WMBUS-16-2,1586477,25.794,24.946,24.077
1595764,odczyty z dnia 2020-07-01,Orzechowa 50,,21,,-,,ZW,61592285,AT-WMBUS-16-2,1595764,82.74,79.108,75.076
1594950,odczyty z dnia 2020-07-01,Orzechowa 50,,l.u.,,-,,CW,61543297,AT-WMBUS-16-2,1594950,1.058,0.997,0.885
1596901,odczyty z dnia 2020-07-01,Orzechowa 50,,l.u.,,-,,ZW,61592078,AT-WMBUS-16-2,1596901,14.028,13.496,12.948
1586313,odczyty z dnia 2020-07-01,Orzechowa 52,,1,,-,,CW,61543288,AT-WMBUS-16-2,1586313,153.49,151.91,150.086
1588808,odczyty z dnia 2020-07-01,Orzechowa 52,,1,,-,,ZW,61591245,AT-WMBUS-16-2,1588808,212.118,209.435,206.551
1589836,odczyty z dnia 2020-07-01,Orzechowa 52,,2,,-,,CW,61543300,AT-WMBUS-16-2,1589836,30.711,29.775,28.734
1596849,odczyty z dnia 2020-07-01,Orzechowa 52,,2,,-,,ZW,61591222,AT-WMBUS-16-2,1596849,94.962,92.405,90.182
1611308,odczyty z dnia 2020-07-01,Orzechowa 52,,3,,-,,CW,61543331,AT-WMBUS-16-2,1611308,171.827,166.249,161.517
1600819,odczyty z dnia 2020-07-01,Orzechowa 52,,3,,-,,ZW,61591118,AT-WMBUS-16-2,1600819,144.984,140.489,137.069
1611196,odczyty z dnia 2020-07-01,Orzechowa 52,,4,,-,,CW,61543265,AT-WMBUS-16-2,1611196,140.571,135.48,130.643
1615735,odczyty z dnia 2020-07-01,Orzechowa 52,,4,,-,,ZW,61591216,AT-WMBUS-16-2,1615735,212.885,205.187,198.32
1586849,odczyty z dnia 2020-07-01,Orzechowa 52,,5,,-,,CW,61543262,AT-WMBUS-16-2,1586849,57.688,55.948,55.888
1600623,odczyty z dnia 2020-07-01,Orzechowa 52,,5,,-,,ZW,61591214,AT-WMBUS-16-2,1600623,120.48,116.843,116.511
1583668,odczyty z dnia 2020-07-01,Orzechowa 52,,6,,-,,CW,61543266,AT-WMBUS-16-2,1583668,156.979,149.532,141.843
1600594,odczyty z dnia 2020-07-01,Orzechowa 52,,6,,-,,ZW,61591239,AT-WMBUS-16-2,1600594,216.721,207.756,199.97
1607569,odczyty z dnia 2020-07-01,Orzechowa 52,,7,,-,,CW,61543302,AT-WMBUS-16-2,1607569,96.361,93.402,89.965
1579619,odczyty z dnia 2020-07-01,Orzechowa 52,,7,,-,,ZW,61591196,AT-WMBUS-16-2,1579619,103.301,100.096,96.679
1592608,odczyty z dnia 2020-07-01,Orzechowa 52,,8,,-,,CW,61543245,AT-WMBUS-16-2,1592608,59.612,57.394,53.963
1599751,odczyty z dnia 2020-07-01,Orzechowa 52,,8,,-,,ZW,61592061,AT-WMBUS-16-2,1599751,106.367,102.425,97.181
1597078,odczyty z dnia 2020-07-01,Orzechowa 52,,9,,-,,CW,61543274,AT-WMBUS-16-2,1597078,57.962,54.512,51.399
1589087,odczyty z dnia 2020-07-01,Orzechowa 52,,9,,-,,ZW,61591217,AT-WMBUS-16-2,1589087,100.16,93.583,88.298
1602040,odczyty z dnia 2020-07-01,Orzechowa 52,,10,,-,,CW,61543296,AT-WMBUS-16-2,1602040,101.575,101.203,98.65
1619015,odczyty z dnia 2020-07-01,Orzechowa 52,,10,,-,,ZW,61591179,AT-WMBUS-16-2,1619015,126.86,126.536,111.649
1589405,odczyty z dnia 2020-07-01,Orzechowa 52,,11,,-,,CW,61537086,AT-WMBUS-16-2,1589405,74.956,72.591,72.566
1600572,odczyty z dnia 2020-07-01,Orzechowa 52,,11,,-,,ZW,61592120,AT-WMBUS-16-2,1600572,144.805,138.278,138.201
1601790,odczyty z dnia 2020-07-01,Orzechowa 52,,12,,-,,CW,61543270,AT-WMBUS-16-2,1601790,73.975,71.503,68.644
1595779,odczyty z dnia 2020-07-01,Orzechowa 52,,12,,-,,ZW,61591215,AT-WMBUS-16-2,1595779,137.554,132.91,128.196
1603585,odczyty z dnia 2020-07-01,Orzechowa 52,,13,,-,,CW,61543278,AT-WMBUS-16-2,1603585,41.28,39.593,38.069
1619234,odczyty z dnia 2020-07-01,Orzechowa 52,,13,,-,,ZW,61591187,AT-WMBUS-16-2,1619234,94.442,90.907,87.779
1587566,odczyty z dnia 2020-07-01,Orzechowa 52,,14,,-,,CW,61543260,AT-WMBUS-16-2,1587566,50.414,50.414,50.414
1591422,odczyty z dnia 2020-07-01,Orzechowa 52,,14,,-,,ZW,61591249,AT-WMBUS-16-2,1591422,63.442,63.442,63.442
1588778,odczyty z dnia 2020-07-01,Orzechowa 52,,15,,-,,CW,61543227,AT-WMBUS-16-2,1588778,57.481,55.93,53.807
1618743,odczyty z dnia 2020-07-01,Orzechowa 52,,15,,-,,ZW,61591637,AT-WMBUS-16-2,1618743,140.397,136.652,131.937
1610478,odczyty z dnia 2020-07-01,Orzechowa 52,,16,,-,,CW,61543269,AT-WMBUS-16-2,1610478,36.143,34.72,33.492
1600567,odczyty z dnia 2020-07-01,Orzechowa 52,,16,,-,,ZW,61591172,AT-WMBUS-16-2,1600567,83.757,80.76,78.715
1611641,odczyty z dnia 2020-07-01,Orzechowa 52,,17,,-,,CW,61543338,AT-WMBUS-16-2,1611641,79.357,76.418,73.112
1591237,odczyty z dnia 2020-07-01,Orzechowa 52,,17,,-,,ZW,61591229,AT-WMBUS-16-2,1591237,119.212,114.504,109.746
1600975,odczyty z dnia 2020-07-01,Orzechowa 52,,18,,-,,CW,61543282,AT-WMBUS-16-2,1600975,117.376,113.466,109.683
1600358,odczyty z dnia 2020-07-01,Orzechowa 52,,18,,-,,ZW,61591234,AT-WMBUS-16-2,1600358,179.131,172.261,165.9
1601830,odczyty z dnia 2020-07-01,Orzechowa 52,,19,,-,,CW,61543263,AT-WMBUS-16-2,1601830,16.614,16.173,15.652
1596830,odczyty z dnia 2020-07-01,Orzechowa 52,,19,,-,,ZW,61591205,AT-WMBUS-16-2,1596830,66.678,64.684,62.225
1602993,odczyty z dnia 2020-07-01,Orzechowa 52,,20,,-,,CW,61543303,AT-WMBUS-16-2,1602993,82.669,80.044,77.21
1604748,odczyty z dnia 2020-07-01,Orzechowa 52,,20,,-,,ZW,61591188,AT-WMBUS-16-2,1604748,94.87,91.307,88.14
1600185,odczyty z dnia 2020-07-01,Orzechowa 52,,21,,-,,CW,61591203,AT-WMBUS-16-2,1600185,196.494,188.269,180.387
1597198,odczyty z dnia 2020-07-01,Orzechowa 52,,21,,-,,ZW,61543277,AT-WMBUS-16-2,1597198,72.314,69.316,66.366
1561731,odczyty z dnia 2020-07-01,Orzechowa 52,,22,,-,,CW,61543321,AT-WMBUS-16-2,1561731,48.051,46.708,45.015
1591665,odczyty z dnia 2020-07-01,Orzechowa 52,,22,,-,,ZW,61591225,AT-WMBUS-16-2,1591665,71.826,69.713,67.688
1610150,odczyty z dnia 2020-07-01,Orzechowa 54,,1,,-,,CW,61543313,AT-WMBUS-16-2,1610150,254.89,246.209,237.565
1615178,odczyty z dnia 2020-07-01,Orzechowa 54,,1,,-,,ZW,61591241,AT-WMBUS-16-2,1615178,276.441,266.743,257.78
1587839,odczyty z dnia 2020-07-01,Orzechowa 54,,2,,-,,CW,61543264,AT-WMBUS-16-2,1587839,124.029,119.511,114.898
1600296,odczyty z dnia 2020-07-01,Orzechowa 54,,2,,-,,ZW,61591213,AT-WMBUS-16-2,1600296,203.012,194.636,187.369
1610427,odczyty z dnia 2020-07-01,Orzechowa 54,,3,,-,,CW,61543291,AT-WMBUS-16-2,1610427,76.823,73.861,70.227
1596805,odczyty z dnia 2020-07-01,Orzechowa 54,,3,,-,,ZW,61591218,AT-WMBUS-16-2,1596805,126.969,122.472,116.842
1603969,odczyty z dnia 2020-07-01,Orzechowa 54,,4,,-,,CW,61543287,AT-WMBUS-16-2,1603969,51.696,49.871,48.677
1596845,odczyty z dnia 2020-07-01,Orzechowa 54,,4,,-,,ZW,61591231,AT-WMBUS-16-2,1596845,73.424,71.05,69.684
1590381,odczyty z dnia 2020-07-01,Orzechowa 54,,5,,-,,CW,61543310,AT-WMBUS-16-2,1590381,36.134,35.055,33.532
1599870,odczyty z dnia 2020-07-01,Orzechowa 54,,5,,-,,ZW,61591194,AT-WMBUS-16-2,1599870,61.799,59.817,57.601
1610640,odczyty z dnia 2020-07-01,Orzechowa 54,,6,,-,,CW,61543305,AT-WMBUS-16-2,1610640,86.356,83.394,79.73
1588776,odczyty z dnia 2020-07-01,Orzechowa 54,,6,,-,,ZW,61591226,AT-WMBUS-16-2,1588776,156.33,150.515,144.661
1591866,odczyty z dnia 2020-07-01,Orzechowa 54,,7,,-,,CW,61537052,AT-WMBUS-16-2,1591866,68.819,66.83,64.64
1590683,odczyty z dnia 2020-07-01,Orzechowa 54,,7,,-,,ZW,61592160,AT-WMBUS-16-2,1590683,109.083,106.279,103.225
1607952,odczyty z dnia 2020-07-01,Orzechowa 54,,8,,-,,CW,61543299,AT-WMBUS-16-2,1607952,16.441,15.956,15.592
1600685,odczyty z dnia 2020-07-01,Orzechowa 54,,8,,-,,ZW,61591195,AT-WMBUS-16-2,1600685,36.188,35.133,34.399
1607178,odczyty z dnia 2020-07-01,Orzechowa 54,,9,,-,,CW,61543337,AT-WMBUS-16-2,1607178,64.509,63.198,60.211
1591245,odczyty z dnia 2020-07-01,Orzechowa 54,,9,,-,,ZW,61592135,AT-WMBUS-16-2,1591245,119.334,116.311,110.851
1593177,odczyty z dnia 2020-07-01,Orzechowa 54,,10,,-,,CW,61543323,AT-WMBUS-16-2,1593177,78.336,75.666,73.004
1600958,odczyty z dnia 2020-07-01,Orzechowa 54,,10,,-,,ZW,61592159,AT-WMBUS-16-2,1600958,162.555,157.214,152.758
1602953,odczyty z dnia 2020-07-01,Orzechowa 54,,11,,-,,CW,61543329,AT-WMBUS-16-2,1602953,107.471,103.121,98.235
1588734,odczyty z dnia 2020-07-01,Orzechowa 54,,11,,-,,ZW,61591197,AT-WMBUS-16-2,1588734,143.881,138.596,133.183
1589805,odczyty z dnia 2020-07-01,Orzechowa 54,,12,,-,,CW,61543333,AT-WMBUS-16-2,1589805,47.331,46.102,44.678
1600318,odczyty z dnia 2020-07-01,Orzechowa 54,,12,,-,,ZW,61592134,AT-WMBUS-16-2,1600318,80.568,79.262,77.648
1589185,odczyty z dnia 2020-07-01,Orzechowa 54,,13,,-,,CW,61543312,AT-WMBUS-16-2,1589185,87.139,84.169,81.786
1600067,odczyty z dnia 2020-07-01,Orzechowa 54,,13,,-,,ZW,61592137,AT-WMBUS-16-2,1600067,151.028,146.889,143.64
1589402,odczyty z dnia 2020-07-01,Orzechowa 54,,14,,-,,CW,61543226,AT-WMBUS-16-2,1589402,137.562,132.165,126.467
1600334,odczyty z dnia 2020-07-01,Orzechowa 54,,14,,-,,ZW,61592075,AT-WMBUS-16-2,1600334,202.59,194.341,187.071
1592261,odczyty z dnia 2020-07-01,Orzechowa 54,,15,,-,,CW,61543311,AT-WMBUS-16-2,1592261,75.101,71.706,67.791
1609497,odczyty z dnia 2020-07-01,Orzechowa 54,,15,,-,,ZW,61591238,AT-WMBUS-16-2,1609497,89.52,85.117,79.82
1591524,odczyty z dnia 2020-07-01,Orzechowa 54,,16,,-,,ZW,61592149,AT-WMBUS-16-2,1591524,92.141,88.95,85.448
1605190,odczyty z dnia 2020-07-01,Orzechowa 54,,16,,-,,ZW,61543330,AT-WMBUS-16-2,1605190,25.145,24.063,22.978
1591122,odczyty z dnia 2020-07-01,Orzechowa 54,,17,,-,,CW,61543316,AT-WMBUS-16-2,1591122,126.113,120.383,112.665
1600845,odczyty z dnia 2020-07-01,Orzechowa 54,,17,,-,,ZW,61591242,AT-WMBUS-16-2,1600845,162.803,155.103,146.167
1589239,odczyty z dnia 2020-07-01,Orzechowa 54,,18,,-,,CW,61543317,AT-WMBUS-16-2,1589239,108.22,105.954,101.154
1600795,odczyty z dnia 2020-07-01,Orzechowa 54,,18,,-,,ZW,61592121,AT-WMBUS-16-2,1600795,151.094,147.967,141.672
1589353,odczyty z dnia 2020-07-01,Orzechowa 54,,19,,-,,CW,61543307,AT-WMBUS-16-2,1589353,,45.726,37.09
1612526,odczyty z dnia 2020-07-01,Orzechowa 54,,19,,-,,ZW,61591237,AT-WMBUS-16-2,1612526,99.502,91.053,81.668
1589330,odczyty z dnia 2020-07-01,Orzechowa 54,,20,,-,,CW,61537041,AT-WMBUS-16-2,1589330,170.122,163.172,155.546
1600582,odczyty z dnia 2020-07-01,Orzechowa 54,,20,,-,,ZW,61592150,AT-WMBUS-16-2,1600582,239.187,229.135,220.111
1588929,odczyty z dnia 2020-07-01,Orzechowa 54,,21,,-,,CW,61543306,AT-WMBUS-16-2,1588929,171.495,164.701,155.976
1600812,odczyty z dnia 2020-07-01,Orzechowa 54,,21,,-,,ZW,61592143,AT-WMBUS-16-2,1600812,258.345,247.971,236.537
1589352,odczyty z dnia 2020-07-01,Orzechowa 54,,22,,-,,CW,61543308,AT-WMBUS-16-2,1589352,100.982,97.369,93.377
1600304,odczyty z dnia 2020-07-01,Orzechowa 54,,22,,-,,ZW,61592099,AT-WMBUS-16-2,1600304,91.649,88.335,85.018
1585277,odczyty z dnia 2020-07-01,Orzechowa 54,,Piwnica,,-,,ZW,61592275,AT-WMBUS-16-2,1585277,23.788,23.788,23.788
1590244,odczyty z dnia 2020-07-01,Orzechowa 56,,1,,-,,CW,61537078,AT-WMBUS-16-2,1590244,87.151,84.862,81.829
1596833,odczyty z dnia 2020-07-01,Orzechowa 56,,1,,-,,ZW,61592282,AT-WMBUS-16-2,1596833,158.505,152.929,146.804
1592755,odczyty z dnia 2020-07-01,Orzechowa 56,,2,,-,,CW,61537065,AT-WMBUS-16-2,1592755,235.539,226.115,215.691
1590760,odczyty z dnia 2020-07-01,Orzechowa 56,,2,,-,,ZW,61592107,AT-WMBUS-16-2,1590760,381.355,366.203,351.692
1588806,odczyty z dnia 2020-07-01,Orzechowa 56,,3,,-,,CW,61537042,AT-WMBUS-16-2,1588806,52.663,52.496,52.496
1595818,odczyty z dnia 2020-07-01,Orzechowa 56,,3,,-,,ZW,61591232,AT-WMBUS-16-2,1595818,152.126,151.77,151.77
1590621,odczyty z dnia 2020-07-01,Orzechowa 56,,4,,-,,CW,61537017,AT-WMBUS-16-2,1590621,12.351,11.841,11.378
1595862,odczyty z dnia 2020-07-01,Orzechowa 56,,4,,-,,ZW,61592091,AT-WMBUS-16-2,1595862,45.217,42.431,38.032
1588873,odczyty z dnia 2020-07-01,Orzechowa 56,,5,,-,,CW,61537117,AT-WMBUS-16-2,1588873,95.615,92.843,90.297
1591419,odczyty z dnia 2020-07-01,Orzechowa 56,,5,,-,,ZW,61591240,AT-WMBUS-16-2,1591419,216.915,210.574,204.741
1590483,odczyty z dnia 2020-07-01,Orzechowa 56,,6,,-,,CW,61543326,AT-WMBUS-16-2,1590483,88.903,85.917,82.644
1596815,odczyty z dnia 2020-07-01,Orzechowa 56,,6,,-,,ZW,61592105,AT-WMBUS-16-2,1596815,82.456,79.369,76.382
1588835,odczyty z dnia 2020-07-01,Orzechowa 56,,7,,-,,CW,61537061,AT-WMBUS-16-2,1588835,74.194,70.988,68.391
1600636,odczyty z dnia 2020-07-01,Orzechowa 56,,7,,-,,ZW,61592093,AT-WMBUS-16-2,1600636,144.634,139.948,136.37
1589015,odczyty z dnia 2020-07-01,Orzechowa 56,,8,,-,,CW,61537110,AT-WMBUS-16-2,1589015,168.512,161.882,154.929
1600682,odczyty z dnia 2020-07-01,Orzechowa 56,,8,,-,,ZW,61591233,AT-WMBUS-16-2,1600682,177.102,169.151,161.489
1601962,odczyty z dnia 2020-07-01,Orzechowa 56,,9,,-,,CW,61543309,AT-WMBUS-16-2,1601962,76.835,74.073,70.707
1588883,odczyty z dnia 2020-07-01,Orzechowa 56,,9,,-,,ZW,61592157,AT-WMBUS-16-2,1588883,146.126,140.371,134.533
1587667,odczyty z dnia 2020-07-01,Orzechowa 56,,10,,-,,CW,61543267,AT-WMBUS-16-2,1587667,39.149,36.69,35.038
1595786,odczyty z dnia 2020-07-01,Orzechowa 56,,10,,-,,ZW,61592109,AT-WMBUS-16-2,1595786,124.282,118.109,113.953
1589374,odczyty z dnia 2020-07-01,Orzechowa 56,,11,,-,,CW,61537036,AT-WMBUS-16-2,1589374,28.689,28.157,27.662
1600511,odczyty z dnia 2020-07-01,Orzechowa 56,,11,,-,,ZW,61592104,AT-WMBUS-16-2,1600511,98.918,96.847,94.485
1589545,odczyty z dnia 2020-07-01,Orzechowa 56,,12,,-,,CW,61537066,AT-WMBUS-16-2,1589545,105.555,102.383,99.549
1564923,odczyty z dnia 2020-07-01,Orzechowa 56,,12,,-,,ZW,61592270,AT-WMBUS-16-2,1564923,157.129,150.523,145.333
1588838,odczyty z dnia 2020-07-01,Orzechowa 56,,13,,-,,CW,61537071,AT-WMBUS-16-2,1588838,81.485,78.196,74.872
1596027,odczyty z dnia 2020-07-01,Orzechowa 56,,13,,-,,ZW,61592168,AT-WMBUS-16-2,1596027,,106.818,103.666
1590607,odczyty z dnia 2020-07-01,Orzechowa 56,,14,,-,,CW,61543340,AT-WMBUS-16-2,1590607,90.053,86.908,82.978
1599639,odczyty z dnia 2020-07-01,Orzechowa 56,,14,,-,,ZW,61592142,AT-WMBUS-16-2,1599639,175.532,169.509,163.345
1589248,odczyty z dnia 2020-07-01,Orzechowa 56,,15,,-,,CW,61543336,AT-WMBUS-16-2,1589248,38.651,37.445,36.107
1595864,odczyty z dnia 2020-07-01,Orzechowa 56,,15,,-,,ZW,61592146,AT-WMBUS-16-2,1595864,59.762,57.987,56.228
1589380,odczyty z dnia 2020-07-01,Orzechowa 56,,16,,-,,CW,61543328,AT-WMBUS-16-2,1589380,54.067,51.431,48.831
1600634,odczyty z dnia 2020-07-01,Orzechowa 56,,16,,-,,ZW,61592156,AT-WMBUS-16-2,1600634,113.012,107.602,102.632
1600126,odczyty z dnia 2020-07-01,Orzechowa 56,,17,,-,,CW,61543322,AT-WMBUS-16-2,1600126,173.922,166.429,159.346
1600830,odczyty z dnia 2020-07-01,Orzechowa 56,,17,,-,,ZW,61592092,AT-WMBUS-16-2,1600830,168.196,160.781,154.534
1588904,odczyty z dnia 2020-07-01,Orzechowa 56,,18,,-,,CW,61543259,AT-WMBUS-16-2,1588904,145.98,140.435,134.506
1614860,odczyty z dnia 2020-07-01,Orzechowa 56,,18,,-,,ZW,61568241,AT-WMBUS-16-2,1614860,201.627,193.4,185.39
1589618,odczyty z dnia 2020-07-01,Orzechowa 56,,19,,-,,CW,61537100,AT-WMBUS-16-2,1589618,93.451,89.736,86.253
1591761,odczyty z dnia 2020-07-01,Orzechowa 56,,19,,-,,ZW,61592151,AT-WMBUS-16-2,1591761,156.53,151.038,146.47
1592831,odczyty z dnia 2020-07-01,Orzechowa 56,,20,,-,,CW,61537067,AT-WMBUS-16-2,1592831,116.52,112.915,108.412
1599860,odczyty z dnia 2020-07-01,Orzechowa 56,,20,,-,,ZW,61592166,AT-WMBUS-16-2,1599860,140.296,135.746,130.97
1589711,odczyty z dnia 2020-07-01,Orzechowa 56,,21,,-,,CW,61537058,AT-WMBUS-16-2,1589711,103.308,100.483,97.894
1599836,odczyty z dnia 2020-07-01,Orzechowa 56,,21,,-,,ZW,61592095,AT-WMBUS-16-2,1599836,345.941,330.369,324.274
1588963,odczyty z dnia 2020-07-01,Orzechowa 56,,22,,-,,CW,61543334,AT-WMBUS-16-2,1588963,110.694,105.966,101.2
1596827,odczyty z dnia 2020-07-01,Orzechowa 56,,22,,-,,ZW,61592144,AT-WMBUS-16-2,1596827,164.405,157.757,151.384
1614522,odczyty z dnia 2020-07-01,Orzechowa 56,,Zsyp,,-,,ZW,61592077,AT-WMBUS-16-2,1614522,19.168,18.641,18.049
1592791,odczyty z dnia 2020-07-01,Orzechowa 58,,1,,-,,CW,61537063,AT-WMBUS-16-2,1592791,60.645,59.032,57.447
1595999,odczyty z dnia 2020-07-01,Orzechowa 58,,1,,-,,ZW,61592141,AT-WMBUS-16-2,1595999,137.904,135.456,133.031
1589039,odczyty z dnia 2020-07-01,Orzechowa 58,,2,,-,,CW,61537040,AT-WMBUS-16-2,1589039,355.533,344.449,331.5
1588803,odczyty z dnia 2020-07-01,Orzechowa 58,,2,,-,,ZW,61592126,AT-WMBUS-16-2,1588803,339.846,328.092,315.935
1588622,odczyty z dnia 2020-07-01,Orzechowa 58,,3,,-,,CW,61543320,AT-WMBUS-16-2,1588622,88.643,87.671,83.542
1600326,odczyty z dnia 2020-07-01,Orzechowa 58,,3,,-,,ZW,61592148,AT-WMBUS-16-2,1600326,96.397,95.409,91.143
1590882,odczyty z dnia 2020-07-01,Orzechowa 58,,4,,-,,CW,61537076,AT-WMBUS-16-2,1590882,98.488,95.131,91.6
1591650,odczyty z dnia 2020-07-01,Orzechowa 58,,4,,-,,ZW,61592122,AT-WMBUS-16-2,1591650,116.106,111.937,107.722
1594639,odczyty z dnia 2020-07-01,Orzechowa 58,,5,,-,,CW,61543341,AT-WMBUS-16-2,1594639,56.996,56.996,56.996
1600416,odczyty z dnia 2020-07-01,Orzechowa 58,,5,,-,,ZW,61592164,AT-WMBUS-16-2,1600416,104.064,104.064,104.064
1590178,odczyty z dnia 2020-07-01,Orzechowa 58,,6,,-,,CW,61543196,AT-WMBUS-16-2,1590178,69.572,67.256,64.898
1595897,odczyty z dnia 2020-07-01,Orzechowa 58,,6,,-,,ZW,61592102,AT-WMBUS-16-2,1595897,153.661,148.319,143.204
1590332,odczyty z dnia 2020-07-01,Orzechowa 58,,7,,-,,CW,61543214,AT-WMBUS-16-2,1590332,166.055,163.734,160.798
1599827,odczyty z dnia 2020-07-01,Orzechowa 58,,7,,-,,ZW,61592100,AT-WMBUS-16-2,1599827,180.989,177.994,175.308
1590841,odczyty z dnia 2020-07-01,Orzechowa 58,,8,,-,,CW,61543315,AT-WMBUS-16-2,1590841,96.507,92.348,88.454
1588932,odczyty z dnia 2020-07-01,Orzechowa 58,,8,,-,,ZW,61592158,AT-WMBUS-16-2,1588932,161.439,154.608,148.344
1590367,odczyty z dnia 2020-07-01,Orzechowa 58,,9,,-,,CW,61543327,AT-WMBUS-16-2,1590367,92.906,89.899,86.939
1594642,odczyty z dnia 2020-07-01,Orzechowa 58,,9,,-,,ZW,61592112,AT-WMBUS-16-2,1594642,116.671,112.618,108.903
1589018,odczyty z dnia 2020-07-01,Orzechowa 58,,10,,-,,CW,61537094,AT-WMBUS-16-2,1589018,132.099,126.458,120.11
1595750,odczyty z dnia 2020-07-01,Orzechowa 58,,10,,-,,ZW,61592114,AT-WMBUS-16-2,1595750,201.583,192.307,182.391
1590267,odczyty z dnia 2020-07-01,Orzechowa 58,,11,,-,,CW,61537123,AT-WMBUS-16-2,1590267,115.663,111.904,107.354
1600688,odczyty z dnia 2020-07-01,Orzechowa 58,,11,,-,,ZW,61592130,AT-WMBUS-16-2,1600688,132.23,128.204,123.81
1588996,odczyty z dnia 2020-07-01,Orzechowa 58,,12,,-,,CW,61543342,AT-WMBUS-16-2,1588996,24.626,24.086,23.422
1600352,odczyty z dnia 2020-07-01,Orzechowa 58,,12,,-,,ZW,61592129,AT-WMBUS-16-2,1600352,52.606,51.182,49.711
1589291,odczyty z dnia 2020-07-01,Orzechowa 58,,13,,-,,CW,61537049,AT-WMBUS-16-2,1589291,77.803,75.231,72.415
1599906,odczyty z dnia 2020-07-01,Orzechowa 58,,13,,-,,ZW,61592097,AT-WMBUS-16-2,1599906,124.416,119.723,115.208
1589156,odczyty z dnia 2020-07-01,Orzechowa 58,,14,,-,,CW,61537101,AT-WMBUS-16-2,1589156,98.675,94.295,91.607
1591408,odczyty z dnia 2020-07-01,Orzechowa 58,,14,,-,,ZW,61592113,AT-WMBUS-16-2,1591408,172.357,164.805,159.472
1589527,odczyty z dnia 2020-07-01,Orzechowa 58,,15,,-,,CW,61537075,AT-WMBUS-16-2,1589527,135.77,130.921,125.623
1595930,odczyty z dnia 2020-07-01,Orzechowa 58,,15,,-,,ZW,61592103,AT-WMBUS-16-2,1595930,185.199,178.302,171.408
1590196,odczyty z dnia 2020-07-01,Orzechowa 58,,16,,-,,CW,61537111,AT-WMBUS-16-2,1590196,60.943,57.193,53.668
1595740,odczyty z dnia 2020-07-01,Orzechowa 58,,16,,-,,ZW,61592098,AT-WMBUS-16-2,1595740,89.559,84.913,80.678
1589251,odczyty z dnia 2020-07-01,Orzechowa 58,,17,,-,,CW,61537109,AT-WMBUS-16-2,1589251,75.028,73.034,69.902
1590675,odczyty z dnia 2020-07-01,Orzechowa 58,,17,,-,,ZW,61592110,AT-WMBUS-16-2,1590675,144.242,141.441,137.607
1586860,odczyty z dnia 2020-07-01,Orzechowa 58,,18,,-,,CW,61543224,AT-WMBUS-16-2,1586860,96.147,93.073,88.292
1600849,odczyty z dnia 2020-07-01,Orzechowa 58,,18,,-,,ZW,61592072,AT-WMBUS-16-2,1600849,140.12,135.894,130.26
1590851,odczyty z dnia 2020-07-01,Orzechowa 58,,19,,-,,CW,61537035,AT-WMBUS-16-2,1590851,94.459,90.61,86.292
1595721,odczyty z dnia 2020-07-01,Orzechowa 58,,19,,-,,ZW,61592131,AT-WMBUS-16-2,1595721,158.078,151.055,143.773
1588817,odczyty z dnia 2020-07-01,Orzechowa 58,,20,,-,,CW,61537070,AT-WMBUS-16-2,1588817,131.576,126.23,120.344
1591703,odczyty z dnia 2020-07-01,Orzechowa 58,,20,,-,,ZW,61592128,AT-WMBUS-16-2,1591703,194.916,186.739,177.885
1592285,odczyty z dnia 2020-07-01,Orzechowa 58,,21,,-,,CW,61537082,AT-WMBUS-16-2,1592285,88.73,84.672,79.722
1596808,odczyty z dnia 2020-07-01,Orzechowa 58,,21,,-,,ZW,61592123,AT-WMBUS-16-2,1596808,157.503,152.097,146.519
1591458,odczyty z dnia 2020-07-01,Orzechowa 58,,Zsyp,,-,,ZW,61592069,AT-WMBUS-16-2,1591458,4.585,4.585,4.585
1589224,odczyty z dnia 2020-07-01,Orzechowa 60,,1,,-,,CW,61543205,AT-WMBUS-16-2,1589224,82.342,79.026,75.528
1588731,odczyty z dnia 2020-07-01,Orzechowa 60,,1,,-,,ZW,61592117,AT-WMBUS-16-2,1588731,144.556,139.344,133.581
1592778,odczyty z dnia 2020-07-01,Orzechowa 60,,2,,-,,CW,61543197,AT-WMBUS-16-2,1592778,62.229,59.793,57.287
1600325,odczyty z dnia 2020-07-01,Orzechowa 60,,2,,-,,ZW,61592125,AT-WMBUS-16-2,1600325,94.478,91.109,87.849
1588568,odczyty z dnia 2020-07-01,Orzechowa 60,,3,,-,,CW,61537051,AT-WMBUS-16-2,1588568,87.164,87.136,86.85
1595885,odczyty z dnia 2020-07-01,Orzechowa 60,,3,,-,,ZW,61592111,AT-WMBUS-16-2,1595885,131.584,128.926,128.427
1592570,odczyty z dnia 2020-07-01,Orzechowa 60,,4,,-,,CW,61543184,AT-WMBUS-16-2,1592570,44.722,43.052,37.683
1595799,odczyty z dnia 2020-07-01,Orzechowa 60,,4,,-,,ZW,61592083,AT-WMBUS-16-2,1595799,113.789,110.26,103.479
1588879,odczyty z dnia 2020-07-01,Orzechowa 60,,5,,-,,CW,61543257,AT-WMBUS-16-2,1588879,122.331,119.377,116.69
1591487,odczyty z dnia 2020-07-01,Orzechowa 60,,5,,-,,ZW,61592127,AT-WMBUS-16-2,1591487,138.522,133.359,128.295
1592650,odczyty z dnia 2020-07-01,Orzechowa 60,,6,,-,,CW,61537107,AT-WMBUS-16-2,1592650,5.95,5.606,5.221
1600426,odczyty z dnia 2020-07-01,Orzechowa 60,,6,,-,,ZW,61592080,AT-WMBUS-16-2,1600426,20.187,19.073,18.024
1589624,odczyty z dnia 2020-07-01,Orzechowa 60,,7,,-,,CW,61543187,AT-WMBUS-16-2,1589624,143.777,137.821,131.251
1588836,odczyty z dnia 2020-07-01,Orzechowa 60,,7,,-,,ZW,61592079,AT-WMBUS-16-2,1588836,132.788,127.522,122.609
1589968,odczyty z dnia 2020-07-01,Orzechowa 60,,8,,-,,CW,61543243,AT-WMBUS-16-2,1589968,55.135,53.198,51.051
1568208,odczyty z dnia 2020-07-01,Orzechowa 60,,8,,-,,ZW,61592267,AT-WMBUS-16-2,1568208,92.418,88.081,84.008
1589107,odczyty z dnia 2020-07-01,Orzechowa 60,,9,,-,,CW,61543198,AT-WMBUS-16-2,1589107,154.22,148.009,141.203
1600316,odczyty z dnia 2020-07-01,Orzechowa 60,,9,,-,,ZW,61592118,AT-WMBUS-16-2,1600316,168.739,162.355,156.133
1590408,odczyty z dnia 2020-07-01,Orzechowa 60,,10,,-,,CW,61543232,AT-WMBUS-16-2,1590408,302.293,290.798,278.935
1590770,odczyty z dnia 2020-07-01,Orzechowa 60,,10,,-,,ZW,61592082,AT-WMBUS-16-2,1590770,282.252,271.034,260.829
1589013,odczyty z dnia 2020-07-01,Orzechowa 60,,11,,-,,CW,61537115,AT-WMBUS-16-2,1589013,44.563,42.792,40.713
1616475,odczyty z dnia 2020-07-01,Orzechowa 60,,11,,-,,ZW,61592257,AT-WMBUS-16-2,1616475,105.435,102.78,100.714
1589271,odczyty z dnia 2020-07-01,Orzechowa 60,,12,,-,,CW,61543199,AT-WMBUS-16-2,1589271,285.042,274.784,264.46
1595909,odczyty z dnia 2020-07-01,Orzechowa 60,,12,,-,,ZW,61592073,AT-WMBUS-16-2,1595909,226.887,212.661,199.59
1590164,odczyty z dnia 2020-07-01,Orzechowa 60,,13,,-,,CW,61543188,AT-WMBUS-16-2,1590164,92.966,89.731,86.263
1595860,odczyty z dnia 2020-07-01,Orzechowa 60,,13,,-,,ZW,61592096,AT-WMBUS-16-2,1595860,97.899,94.137,90.474
1589364,odczyty z dnia 2020-07-01,Orzechowa 60,,14,,-,,CW,61543185,AT-WMBUS-16-2,1589364,68.608,65.863,63.498
1600879,odczyty z dnia 2020-07-01,Orzechowa 60,,14,,-,,ZW,61592067,AT-WMBUS-16-2,1600879,96.901,91.665,87.991
1588956,odczyty z dnia 2020-07-01,Orzechowa 60,,15,,-,,CW,61543201,AT-WMBUS-16-2,1588956,32.428,31.186,30.144
1596810,odczyty z dnia 2020-07-01,Orzechowa 60,,15,,-,,ZW,61592059,AT-WMBUS-16-2,1596810,58.35,56.206,54.503
1590051,odczyty z dnia 2020-07-01,Orzechowa 60,,16,,-,,CW,61543193,AT-WMBUS-16-2,1590051,83.014,80.252,77.229
1600221,odczyty z dnia 2020-07-01,Orzechowa 60,,16,,-,,ZW,61592101,AT-WMBUS-16-2,1600221,104.547,100.914,97.241
1589044,odczyty z dnia 2020-07-01,Orzechowa 60,,17,,-,,CW,61537072,AT-WMBUS-16-2,1589044,50.064,48.018,46.649
1569363,odczyty z dnia 2020-07-01,Orzechowa 60,,17,,-,,ZW,61592289,AT-WMBUS-16-2,1569363,144.774,140.476,137.294
1588821,odczyty z dnia 2020-07-01,Orzechowa 60,,18,,-,,CW,61543210,AT-WMBUS-16-2,1588821,7.93,7.93,7.93
1599879,odczyty z dnia 2020-07-01,Orzechowa 60,,18,,-,,ZW,61592119,AT-WMBUS-16-2,1599879,26.578,26.403,26.274
1592646,odczyty z dnia 2020-07-01,Orzechowa 60,,19,,-,,CW,61543241,AT-WMBUS-16-2,1592646,185.733,178.501,169.316
1596868,odczyty z dnia 2020-07-01,Orzechowa 60,,19,,-,,ZW,61592076,AT-WMBUS-16-2,1596868,199.547,190.182,179.068
1592870,odczyty z dnia 2020-07-01,Orzechowa 60,,20,,-,,CW,61543256,AT-WMBUS-16-2,1592870,51.845,50.301,48.895
1588715,odczyty z dnia 2020-07-01,Orzechowa 60,,20,,-,,ZW,61592054,AT-WMBUS-16-2,1588715,101.708,98.179,95.255
1590356,odczyty z dnia 2020-07-01,Orzechowa 60,,21,,-,,CW,61543225,AT-WMBUS-16-2,1590356,94.888,91.247,87.035
1599679,odczyty z dnia 2020-07-01,Orzechowa 60,,21,,-,,ZW,61592066,AT-WMBUS-16-2,1599679,102.791,98.819,94.707
1589533,odczyty z dnia 2020-07-01,Orzechowa 60,,22,,-,,CW,61543223,AT-WMBUS-16-2,1589533,127.634,125.763,123.022
1591624,odczyty z dnia 2020-07-01,Orzechowa 60,,22,,-,,ZW,61592081,AT-WMBUS-16-2,1591624,181.942,176.297,171.242
1589721,odczyty z dnia 2020-07-01,Orzechowa 60,,23,,-,,CW,61543221,AT-WMBUS-16-2,1589721,39.773,38.423,37.411
1600233,odczyty z dnia 2020-07-01,Orzechowa 60,,23,,-,,ZW,61592057,AT-WMBUS-16-2,1600233,43.131,40.969,39.651
1589072,odczyty z dnia 2020-07-01,Orzechowa 60,,24,,-,,CW,61543212,AT-WMBUS-16-2,1589072,58.387,58.301,58.271
1595789,odczyty z dnia 2020-07-01,Orzechowa 60,,24,,-,,ZW,61592124,AT-WMBUS-16-2,1595789,77.567,77.322,77.199
1589414,odczyty z dnia 2020-07-01,Orzechowa 60,,25,,-,,CW,61543213,AT-WMBUS-16-2,1589414,103.316,100.399,96.644
1599619,odczyty z dnia 2020-07-01,Orzechowa 60,,25,,-,,ZW,61592074,AT-WMBUS-16-2,1599619,188.373,182.996,176.792
1589323,odczyty z dnia 2020-07-01,Orzechowa 60,,26,,-,,CW,61543343,AT-WMBUS-16-2,1589323,191.4,185.436,177.834
1616416,odczyty z dnia 2020-07-01,Orzechowa 60,,26,,-,,ZW,61592288,AT-WMBUS-16-2,1616416,162.562,157.342,149.301
1589393,odczyty z dnia 2020-07-01,Orzechowa 60,,27,,-,,CW,61543222,AT-WMBUS-16-2,1589393,68.998,65.303,61.062
1600517,odczyty z dnia 2020-07-01,Orzechowa 60,,27,,-,,ZW,61592058,AT-WMBUS-16-2,1600517,107.696,102.056,96.498
1588934,odczyty z dnia 2020-07-01,Orzechowa 60,,28,,-,,CW,61543261,AT-WMBUS-16-2,1588934,105.579,101.509,97.853
1596837,odczyty z dnia 2020-07-01,Orzechowa 60,,28,,-,,ZW,61592108,AT-WMBUS-16-2,1596837,157.786,151.523,145.287
1596250,odczyty z dnia 2020-07-01,Orzechowa 60,,29,,-,,CW,61543209,AT-WMBUS-16-2,1596250,114.182,108.756,102.535
1599611,odczyty z dnia 2020-07-01,Orzechowa 60,,29,,-,,ZW,61592094,AT-WMBUS-16-2,1599611,150.076,143.694,137.555
1589053,odczyty z dnia 2020-07-01,Orzechowa 60,,30,,-,,CW,61543319,AT-WMBUS-16-2,1589053,115.342,111.487,107.094
1565167,odczyty z dnia 2020-07-01,Orzechowa 60,,30,,-,,ZW,61592291,AT-WMBUS-16-2,1565167,106.218,102.627,99.046
1592375,odczyty z dnia 2020-07-01,Orzechowa 60,,31,,-,,CW,61543254,AT-WMBUS-16-2,1592375,65.233,62.518,59.837
1600672,odczyty z dnia 2020-07-01,Orzechowa 60,,31,,-,,ZW,61592068,AT-WMBUS-16-2,1600672,106.623,102.623,99.096
1592090,odczyty z dnia 2020-07-01,Orzechowa 60,,32,,-,,CW,61543255,AT-WMBUS-16-2,1592090,154.853,150.748,145.138
1567733,odczyty z dnia 2020-07-01,Orzechowa 60,,32,,-,,ZW,61592055,AT-WMBUS-16-2,1567733,170.47,166.063,159.833
1590624,odczyty z dnia 2020-07-01,Orzechowa 60,,33,,-,,CW,61543246,AT-WMBUS-16-2,1590624,113.418,107.971,101.718
1589174,odczyty z dnia 2020-07-01,Orzechowa 60,,33,,-,,ZW,61592086,AT-WMBUS-16-2,1589174,174.475,168.41,161.728
1592304,odczyty z dnia 2020-07-01,Orzechowa 60,,34,,-,,CW,61543298,AT-WMBUS-16-2,1592304,49.745,47.973,46.061
1615137,odczyty z dnia 2020-07-01,Orzechowa 60,,34,,-,,ZW,61592056,AT-WMBUS-16-2,1615137,120.066,115.508,111.391
1589332,odczyty z dnia 2020-07-01,Orzechowa 60,,35,,-,,CW,61543242,AT-WMBUS-16-2,1589332,118.549,114.231,109.735
1610188,odczyty z dnia 2020-07-01,Orzechowa 60,,35,,-,,ZW,61592085,AT-WMBUS-16-2,1610188,141.084,135.571,130.618
1595913,odczyty z dnia 2020-07-01,Orzechowa 60,,lokal użytkowy,,-,,ZW,61592060,AT-WMBUS-16-2,1595913,12.956,12.828,10.784
1616487,odczyty z dnia 2020-07-01,Orzechowa 60,,piwnica,,-,,ZW,61592316,AT-WMBUS-16-2,1616487,0.075,0.075,0.075
