Nazwa punktu pomiarowego,Grupa,Budynek,Klatka,Lokal,Właściciel,Lokalizacja,Uwagi,Mierzona wielkość,Typ urządzenia,Nr radiowy,Nr wodomierza,Alarmy,Objętość [m3] styczeń 2023,Objętość [m3] grudzień 2022,Objętość [m3] listopad 2022,Objętość [m3] październik 2022,Objętość [m3] wrzesień 2022,Objętość [m3] sierpień 2022,Objętość [m3] lipiec 2022,Objętość [m3] czerwiec 2022,Objętość [m3] maj 2022,Objętość [m3] kwiecień 2022,Objętość [m3] marzec 2022,Objętość [m3] luty 2022,Objętość [m3] styczeń 2022
3513297,Baza terminala z dnia 11.01.2023,Jarzębinowa,19,1,os.fizyczna,-,68161540,ZW,AT-WMBUS-16-2,3513297,68161540,,41.175,40.65,38.037,35.577,33.308,31.106,28.931,26.697,24.603,22.668,20.787,18.7,16.713
3513253,Baza terminala z dnia 11.01.2023,Jarzębinowa,19,2,os.fizyczna,-,68161483,ZW,AT-WMBUS-16-2,3513253,68161483,,13.875,13.821,12.935,12.016,10.854,10.271,9.589,9.426,8.824,8.174,7.447,6.672,5.817
3513124,Baza terminala z dnia 11.01.2023,Jarzębinowa,19,3,os.fizyczna,-,68161519,ZW,AT-WMBUS-16-2,3513124,68161519,,26.048,25.75,24.312,22.867,21.55,20.26,18.841,17.771,16.099,14.611,13.067,11.562,10.344
3513114,Baza terminala z dnia 11.01.2023,Jarzębinowa,21,1,os.fizyczna,-,68161555,ZW,AT-WMBUS-16-2,3513114,68161555,,103.316,101.77,94.736,89.682,83.788,78.647,73.387,68.13,62.283,57.364,51.341,45.618,40.114
3513105,Baza terminala z dnia 11.01.2023,Jarzębinowa,21,2,os.fizyczna,-,68161544,ZW,AT-WMBUS-16-2,3513105,68161544,,64.846,64.146,59.887,57.622,54.937,52.8,48.489,44.478,40.047,37.84,34.319,32.043,30.399
3513368,Baza terminala z dnia 11.01.2023,Jarzębinowa,21,3,os.fizyczna,-,68161536,ZW,AT-WMBUS-16-2,3513368,68161536,,133.634,130.646,121.874,113.885,106.622,100.198,93.704,87.46,81.208,74.299,67.741,60.21,53.657
3513223,Baza terminala z dnia 11.01.2023,Jarzębinowa,21,4,os.fizyczna,-,68161550,ZW,AT-WMBUS-16-2,3513223,68161550,,45.816,44.828,42.709,40.753,38.755,36.5,33.614,30.654,27.724,25.109,23.136,20.902,18.873
3513364,Baza terminala z dnia 11.01.2023,Jarzębinowa,21,5,os.fizyczna,-,68161530,ZW,AT-WMBUS-16-2,3513364,68161530,,198.787,195.549,185.473,175.379,163.802,154.313,142.771,131.436,120.8,107.454,93.681,80.754,71.574
3508129,Baza terminala z dnia 11.01.2023,Jarzębinowa,21,6,os.fizyczna,-,68161526,ZW,AT-WMBUS-16-2,3508129,68161526,"Odłączenie urządzenia, Data wystąpienia: 14.06.2021 10:18",109.024,107.712,101.139,95.666,89.734,82.704,78.426,74.049,68.65,63.126,57.5,51.351,45.949
3513398,Baza terminala z dnia 11.01.2023,Jarzębinowa,21,7,os.fizyczna,-,68161534,ZW,AT-WMBUS-16-2,3513398,6816153,,94.713,91.651,80.671,70.66,60.634,53.578,45.913,40.073,36.918,33.259,30.033,27.002,23.606
3513101,Baza terminala z dnia 11.01.2023,Jarzębinowa,21,8,os.fizyczna,-,68161542,ZW,AT-WMBUS-16-2,3513101,68161542,,306.116,301.179,285.219,268.137,252.527,238.588,219.724,200.525,184.642,166.733,152.315,136.207,120.555
3513243,Baza terminala z dnia 11.01.2023,Jarzębinowa,21,9,os.fizyczna,-,68161554,ZW,AT-WMBUS-16-2,3513243,68161554,,148.252,145.983,137.304,128.809,121.341,113.781,106.427,99.529,91.049,82.238,74.06,65.374,58.412
3513772,Baza terminala z dnia 11.01.2023,Jarzębinowa,21,10,os.fizyczna,-,68161525,ZW,AT-WMBUS-16-2,3513772,68161525,,194.942,191.117,179.573,167.969,155.911,144.34,135.38,126.29,117.2,106.25,96.351,85.499,75.32
3723666,Baza terminala z dnia 11.01.2023,Jarzębinowa,23,Przedszkole,os.fizyczna,-,68113791,ZW,AT-WMBUS-16-2,3723666,68113791,,175.052,171.876,162.519,150.993,136.092,118.022,113.904,99.8,86.544,72.192,59.612,45.232,35.565
3513360,Baza terminala z dnia 11.01.2023,Jarzębinowa,25,1,os.fizyczna,-,68161537,ZW,AT-WMBUS-16-2,3513360,68161537,,94.176,92.153,85.14,79.264,73.08,67.204,61.143,54.785,48.461,41.129,34.404,26.813,24.398
3513339,Baza terminala z dnia 11.01.2023,Jarzębinowa,25,2,os.fizyczna,-,68161560,ZW,AT-WMBUS-16-2,3513339,6816150,,255.991,251.179,236.482,221.343,206.782,192.476,184.081,176.358,159.552,146.292,131.662,116.663,104.777
3562459,Baza terminala z dnia 11.01.2023,Jarzębinowa,25,3,os.fizyczna,-,68161572,ZW,AT-WMBUS-16-2,3562459,68161572,,167.487,164.764,155.388,147.108,137.053,126.852,115.407,104.352,91.99,81.879,73.196,62.016,53.937
3564794,Baza terminala z dnia 11.01.2023,Jarzębinowa,25,4,os.fizyczna,-,68161558,ZW,AT-WMBUS-16-2,3564794,68161558,,95.515,94.483,88.758,83.207,78.918,73.228,65.837,59.666,54.231,48.82,44.059,38.682,33.976
3564835,Baza terminala z dnia 11.01.2023,Jarzębinowa,25,5,os.fizyczna,-,68161559,ZW,AT-WMBUS-16-2,3564835,68161559,,178.507,175.012,160.992,147.542,135.827,126.909,120.094,110.98,103.633,91.865,82.117,72.448,63.153
3564321,Baza terminala z dnia 11.01.2023,Jarzębinowa,25,6,os.fizyczna,-,68161566,ZW,AT-WMBUS-16-2,3564321,68161566,,106.305,104.376,98.837,93.388,87.36,81.52,74.716,67.155,62.083,56.628,51.112,43.283,38.04
3513077,Baza terminala z dnia 11.01.2023,Jarzębinowa,25,7,os.fizyczna,-,68161532,ZW,AT-WMBUS-16-2,3513077,68161532,,147.228,144.343,135.241,125.776,116.155,104.741,94.166,85.826,75.922,65.922,57.774,49.471,42.74
3564362,Baza terminala z dnia 11.01.2023,Jarzębinowa,25,8,os.fizyczna,-,68161545,ZW,AT-WMBUS-16-2,3564362,68161545,,270.013,268.176,261.715,254.305,245.717,240.181,236.064,230.176,223.801,215.135,195.851,174.205,154.666
3513309,Baza terminala z dnia 11.01.2023,Jarzębinowa,25,9,os.fizyczna,-,68161539,ZW,AT-WMBUS-16-2,3513309,68161539,,72.329,70.719,65.86,61.437,56.509,51.568,47.536,44.652,41.393,38.2,34.084,29.97,26.199
3513448,Baza terminala z dnia 11.01.2023,Jarzębinowa,25,10,os.fizyczna,-,68167603,ZW,AT-WMBUS-16-2,3513448,68167603,,109.678,109.106,106.435,104.291,101.211,96.421,90.78,85.703,79.212,71.85,64.254,55.957,49.083
3513341,Baza terminala z dnia 11.01.2023,Jarzębinowa,25,11,os.fizyczna,-,68161548,ZW,AT-WMBUS-16-2,3513341,68161548,,96.345,94.331,88.302,83.427,79.197,75.214,70.554,66.533,62.448,57.208,50.537,44.316,38.876
3513202,Baza terminala z dnia 11.01.2023,Jarzębinowa,25,12,os.fizyczna,-,68161547,ZW,AT-WMBUS-16-2,3513202,68161547,,128.858,128.812,122.442,115.505,108.761,101.863,94.907,86.846,79.131,72.427,65.838,58.773,52.283
3512503,Baza terminala z dnia 11.01.2023,Jarzębinowa,25,klatka,os.fizyczna,-,68161533,ZW,AT-WMBUS-16-2,3512503,68161533,,4.51,4.501,4.472,4.445,4.169,3.695,3.364,2.682,2.35,2.094,1.875,1.751,1.544
3508042,Baza terminala z dnia 11.01.2023,Jarzębinowa,19/21,Węzeł,os.fizyczna,-,68161497,ZW,AT-WMBUS-16-2,3508042,68161497,,0.033,0.033,0.033,0.033,0.033,0.033,0.033,0.033,0.033,0.033,0.033,0.033,0.033
3508108,Baza terminala z dnia 11.01.2023,Jarzębinowa,21A,1,os.fizyczna,-,68161484,ZW,AT-WMBUS-16-2,3508108,68161484,,71.757,70.51,66.917,63.505,59.157,55.916,49.187,41.056,37.455,34.782,32.443,29.718,27.6
3513379,Baza terminala z dnia 11.01.2023,Jarzębinowa,21A,2,os.fizyczna,-,68161553,ZW,AT-WMBUS-16-2,3513379,68161553,,114.816,112.554,104.634,97.471,90.502,84.75,78.222,70.559,63.884,57.421,51.163,45.462,39.879
3513289,Baza terminala z dnia 11.01.2023,Jarzębinowa,21A,3,os.fizyczna,-,68161518,ZW,AT-WMBUS-16-2,3513289,68161518,,198.44,195.469,185.036,175.175,165.104,154.915,146.451,137.114,126.265,115.317,104.223,91.83,81.11
3513406,Baza terminala z dnia 11.01.2023,Jarzębinowa,21A,4,os.fizyczna,-,68161524,ZW,AT-WMBUS-16-2,3513406,68161524,,135.925,133.497,125.99,119.159,111.545,104.871,97.723,90.666,84.667,77.97,69.252,61.306,54.356
3513294,Baza terminala z dnia 11.01.2023,Jarzębinowa,21A,5,os.fizyczna,-,68161523,ZW,AT-WMBUS-16-2,3513294,68161523,,190.092,186.951,177.544,169.03,160.416,149.995,138.828,129.662,119.787,113.737,101.595,89.417,79.199
3513282,Baza terminala z dnia 11.01.2023,Jarzębinowa,21A,6,os.fizyczna,-,68161556,ZW,AT-WMBUS-16-2,3513282,68161556,,154.079,149.849,141.847,135.321,128.523,121.16,114.512,106.876,95.738,84.465,72.591,59.378,53.688
3513274,Baza terminala z dnia 11.01.2023,Jarzębinowa,21A,7,os.fizyczna,-,68161531,ZW,AT-WMBUS-16-2,3513274,68161531,,115.886,113.458,104.472,96.327,87.202,78.311,69.572,61.618,54.189,45.217,36.63,28.546,20.827
3513336,Baza terminala z dnia 11.01.2023,Jarzębinowa,21A,8,os.fizyczna,-,68161521,ZW,AT-WMBUS-16-2,3513336,68161521,,196.549,193.529,182.427,171.848,162.525,153.36,143,133.676,124.25,112.856,101.385,88.926,79.041
3513376,Baza terminala z dnia 11.01.2023,Jarzębinowa,21A,9,os.fizyczna,-,68161541,ZW,AT-WMBUS-16-2,3513376,68161541,,57.412,57.409,56.354,53.86,51.06,48.594,46.278,44.003,41.852,39.162,36.281,33.494,31.216
3512650,Baza terminala z dnia 11.01.2023,Jarzębinowa,21A,10,os.fizyczna,-,68161552,ZW,AT-WMBUS-16-2,3512650,68161552,,165.789,163.301,154.636,146.357,139.415,134.876,126.295,117.255,107.963,98.228,88.748,79.148,70.663
3513258,Baza terminala z dnia 11.01.2023,Jarzębinowa,21A,Klatka,os.fizyczna,-,68161488,ZW,AT-WMBUS-16-2,3513258,68161488,,12.873,12.873,12.873,12.871,12.793,12.725,9.881,5.767,4.893,4.594,4.561,4.096,4.096
3513390,Baza terminala z dnia 11.01.2023,Jarzębinowa,21B,1,os.fizyczna,-,68161477,ZW,AT-WMBUS-16-2,3513390,68161477,,60.969,59.982,56.74,54.172,51.45,48.683,45.819,42.575,39.504,36.704,33.764,29.912,27.355
3513135,Baza terminala z dnia 11.01.2023,Jarzębinowa,21B,2,os.fizyczna,-,68161491,ZW,AT-WMBUS-16-2,3513135,68161491,,212.958,207.983,194.784,183.892,171.079,158.387,148.615,137.785,126.078,116.086,104.936,94.566,85.413
3513136,Baza terminala z dnia 11.01.2023,Jarzębinowa,21B,3,os.fizyczna,-,68161486,ZW,AT-WMBUS-16-2,3513136,68161486,,264.191,258.918,242.757,228.045,212.425,202.578,188.074,172.226,157.492,143.552,128.11,113.84,99.651
3513201,Baza terminala z dnia 11.01.2023,Jarzębinowa,21B,4,os.fizyczna,-,68161498,ZW,AT-WMBUS-16-2,3513201,68161498,,76.39,76.39,76.389,76.389,76.275,75.632,72.134,67.513,62.443,57.015,51.862,46.975,42.267
3513263,Baza terminala z dnia 11.01.2023,Jarzębinowa,21B,5,os.fizyczna,-,68161501,ZW,AT-WMBUS-16-2,3513263,68161501,,147.67,145.511,136.351,128.873,120.657,112.9,105.627,98.999,91.898,83.816,75.005,66.533,59.678
3513271,Baza terminala z dnia 11.01.2023,Jarzębinowa,21B,6,os.fizyczna,-,68161500,ZW,AT-WMBUS-16-2,3513271,68161500,,245.31,241.952,228.161,215.519,203.538,192.046,180.989,168.029,156.283,143.057,129.732,116.439,102.843
3512419,Baza terminala z dnia 11.01.2023,Jarzębinowa,21B,7,os.fizyczna,-,68161493,ZW,AT-WMBUS-16-2,3512419,68161493,,134.201,132.956,129.487,124.277,117.955,115.567,108.464,96.929,89.897,80.243,71.16,61.26,60.689
3513194,Baza terminala z dnia 11.01.2023,Jarzębinowa,21B,8,os.fizyczna,-,68161490,ZW,AT-WMBUS-16-2,3513194,68161490,,111.926,110.381,105.155,99.907,94.182,87.781,80.149,73.747,66.607,60.477,54.903,48.719,43.829
3511681,Baza terminala z dnia 11.01.2023,Jarzębinowa,21B,9,os.fizyczna,-,68161538,ZW,AT-WMBUS-16-2,3511681,68161538,,154.032,150.9,141.278,132.68,124.006,114.706,105.454,96.24,87.862,78.151,70.731,63.021,55.486
3513191,Baza terminala z dnia 11.01.2023,Jarzębinowa,21B,10,os.fizyczna,-,68161520,ZW,AT-WMBUS-16-2,3513191,68161520,,86.987,85.97,81.374,76.561,71.943,68.151,63.863,61.091,58.392,53.558,50.032,43.315,38.3
3513092,Baza terminala z dnia 11.01.2023,Jarzębinowa,21B,Pom. Gosp.,os.fizyczna,-,68161485,ZW,AT-WMBUS-16-2,3513092,68161485,,0.11,0.11,0.108,0.107,0.106,0.089,0.089,0.088,0.08,0.071,0.067,0.064,0.062
3562891,Baza terminala z dnia 11.01.2023,Jarzębinowa,25A,1,os.fizyczna,-,68161569,ZW,AT-WMBUS-16-2,3562891,68161569,,325.898,318.797,296.45,275.817,260.704,243.457,226.105,211.783,191.428,168.025,149.138,129.81,113.356
3513317,Baza terminala z dnia 11.01.2023,Jarzębinowa,25A,2,os.fizyczna,-,68167606,ZW,AT-WMBUS-16-2,3513317,68167606,,107.542,105.632,99.951,93.947,88.634,82.258,77.376,71.543,66.15,59.784,53.987,46.693,40.862
3513359,Baza terminala z dnia 11.01.2023,Jarzębinowa,25A,3,os.fizyczna,-,68174929,ZW,AT-WMBUS-16-2,3513359,68174929,,111.593,108.529,98.275,88.302,78.486,70.079,60.215,49.783,49.622,44.508,39.897,34.973,31.127
3513402,Baza terminala z dnia 11.01.2023,Jarzębinowa,25A,4,os.fizyczna,-,68167640,ZW,AT-WMBUS-16-2,3513402,68167640,,76.859,75.854,72.975,70.568,67.437,65.238,60.672,56.451,51.93,47.424,42.351,37.1,32.798
3513257,Baza terminala z dnia 11.01.2023,Jarzębinowa,25A,5,os.fizyczna,-,68167602,ZW,AT-WMBUS-16-2,3513257,68167602,,129.348,127.526,120.82,114.387,107.197,100.074,92.022,84.467,77.714,70.861,63.976,57.568,51.825
3513382,Baza terminala z dnia 11.01.2023,Jarzębinowa,25A,6,os.fizyczna,-,68174864,ZW,AT-WMBUS-16-2,3513382,68174864,,119.927,117.055,110.931,103.477,96.465,88.689,81.567,74.702,67.666,60.185,53.558,45.449,38.903
3513237,Baza terminala z dnia 11.01.2023,Jarzębinowa,25A,7,os.fizyczna,-,68161527,ZW,AT-WMBUS-16-2,3513237,68161527,,182.642,178.968,164.623,153.861,140.759,131.065,117.984,116.127,109.22,96.226,90.101,80.346,68.342
3513214,Baza terminala z dnia 11.01.2023,Jarzębinowa,25A,8,os.fizyczna,-,68161578,ZW,AT-WMBUS-16-2,3513214,68161578,,120.366,118.577,111.943,106.027,99.714,94.609,87.372,80.43,73.509,66.474,59.535,52.792,46.415
3565655,Baza terminala z dnia 11.01.2023,Jarzębinowa,25A,9,os.fizyczna,-,68161585,ZW,AT-WMBUS-16-2,3565655,68161585,,123.04,120.253,111.458,102.958,94.552,86.289,77.473,69.58,64.177,57.267,51.57,45.213,39.572
3535624,Baza terminala z dnia 11.01.2023,Jarzębinowa,25A,10,os.fizyczna,-,68161546,ZW,AT-WMBUS-16-2,3535624,68161546,,62.194,61.197,57.909,54.627,51.194,47.521,43.67,38.745,34.939,31.464,29.339,26.112,23.494
3513109,Baza terminala z dnia 11.01.2023,Jarzębinowa,25A,11,os.fizyczna,-,68167604,ZW,AT-WMBUS-16-2,3513109,68167604,,220.057,215.245,205.291,192.473,181.422,167.278,156.413,153.053,137.226,126.217,114.383,99.245,87.946
3513239,Baza terminala z dnia 11.01.2023,Jarzębinowa,25A,12,os.fizyczna,-,68167601,ZW,AT-WMBUS-16-2,3513239,68167601,,117.036,115.132,107.694,101.262,95.388,89.352,82.444,75.371,68.396,61.247,54.008,47.371,41.718
3513324,Baza terminala z dnia 11.01.2023,Jarzębinowa,25B,1,os.fizyczna,-,68161535,ZW,AT-WMBUS-16-2,3513324,68161535,,192.784,189.186,175.373,164.425,156.238,148.006,138.009,127.241,118.391,108.363,97.845,87.809,78.088
3513301,Baza terminala z dnia 11.01.2023,Jarzębinowa,25B,2,os.fizyczna,-,68167607,ZW,AT-WMBUS-16-2,3513301,6816767,,153.169,150.607,143.002,136.06,128.051,119.925,112.217,103.559,95.767,86.228,77.134,68.119,61.389
3513267,Baza terminala z dnia 11.01.2023,Jarzębinowa,25B,3,os.fizyczna,-,68167605,ZW,AT-WMBUS-16-2,3513267,68167605,,67.945,67.202,63.222,59.288,55.473,51.969,48.281,43.077,36.163,33.789,33.377,28.9,24.976
3513357,Baza terminala z dnia 11.01.2023,Jarzębinowa,25B,4,os.fizyczna,-,68167611,ZW,AT-WMBUS-16-2,3513357,68167611,,94.698,94.698,94.698,94.488,93.43,93.43,89.032,84.403,78.008,71.079,63.311,55.584,48.372
3513347,Baza terminala z dnia 11.01.2023,Jarzębinowa,25B,5,os.fizyczna,-,68167626,ZW,AT-WMBUS-16-2,3513347,68167626,,68.524,67.656,64.27,61.254,58.262,54.772,51.499,48.167,45.601,43.099,38.96,35.824,33.103
3513287,Baza terminala z dnia 11.01.2023,Jarzębinowa,25B,6,os.fizyczna,-,68167617,ZW,AT-WMBUS-16-2,3513287,68167617,,146.77,144.554,135.587,128.107,121.327,113.794,105.802,98.163,90.029,81.18,72.794,64.573,56.935
3513394,Baza terminala z dnia 11.01.2023,Jarzębinowa,25B,7,os.fizyczna,-,68167597,ZW,AT-WMBUS-16-2,3513394,68167597,,46.287,45.657,42.57,40.366,38.653,36.975,33.766,31.355,28.085,24.997,22.418,19.856,17.441
3512228,Baza terminala z dnia 11.01.2023,Jarzębinowa,25B,8,os.fizyczna,-,68174921,ZW,AT-WMBUS-16-2,3512228,68174921,,143.834,142.164,133.657,125.275,116.798,108.752,103.896,95.687,89.544,81.686,73.553,64.726,56.39
3513348,Baza terminala z dnia 11.01.2023,Jarzębinowa,25B,9,os.fizyczna,-,68174875,ZW,AT-WMBUS-16-2,3513348,68174875,,101.364,100.464,97.107,92.229,86.328,81.853,76.293,71.579,67.414,62.056,56.168,50.299,44.87
3513408,Baza terminala z dnia 11.01.2023,Jarzębinowa,25B,10,os.fizyczna,-,68167629,ZW,AT-WMBUS-16-2,3513408,68167629,,44.181,43.485,40.975,38.785,36.591,34.055,31.774,29.23,26.666,23.894,21.374,18.873,16.515
3508185,Baza terminala z dnia 11.01.2023,Jarzębinowa,25B,11,os.fizyczna,-,68167614,ZW,AT-WMBUS-16-2,3508185,68167614,,257.972,253.571,238.489,225.141,210.872,196.899,181.226,169.951,157.588,141.94,125.243,108.771,95.539
3513412,Baza terminala z dnia 11.01.2023,Jarzębinowa,25B,12,os.fizyczna,-,68167630,ZW,AT-WMBUS-16-2,3513412,68167630,,59.36,58.364,54.747,53.985,51.129,47.057,43.867,39.934,37.662,33.392,29.758,25.865,22.089
3611490,Baza terminala z dnia 11.01.2023,Jarzębinowa,25C,1,os.fizyczna,-,70149579,ZW,AT-WMBUS-16-2,3611490,70149579,,375.716,369.826,346.744,327.884,308.308,288.945,268.39,245.842,230.051,209.372,188.077,167.813,149.945
3527315,Baza terminala z dnia 11.01.2023,Jarzębinowa,25C,2,os.fizyczna,-,68167646,ZW,AT-WMBUS-16-2,3527315,68167646,,163.077,159.761,150.183,140.511,131.116,120.562,108.856,97.362,87.001,77.398,68.285,58.897,49.571
3508219,Baza terminala z dnia 11.01.2023,Jarzębinowa,25C,3,os.fizyczna,-,68167623,ZW,AT-WMBUS-16-2,3508219,68167623,,32.242,31.525,30.376,28.587,27.352,25.629,24.269,22.795,21.044,19.24,17.518,15.896,14.286
3562645,Baza terminala z dnia 11.01.2023,Jarzębinowa,25C,4,os.fizyczna,-,68161632,ZW,AT-WMBUS-16-2,3562645,68161632,,123.143,120.631,114.342,107.965,100.338,94.853,90.274,85.526,79.678,71.656,64.954,56.329,49.87
3611634,Baza terminala z dnia 11.01.2023,Jarzębinowa,25C,5,os.fizyczna,-,68166480,ZW,AT-WMBUS-16-2,3611634,68166480,,81.333,79.927,75.296,70.493,65.257,60.636,57.686,53.119,49.536,45.274,40.652,35.551,30.736
3564664,Baza terminala z dnia 11.01.2023,Jarzębinowa,25C,6,os.fizyczna,-,68167849,ZW,AT-WMBUS-16-2,3564664,68167849,,99.204,97.103,92.964,85.24,78.75,72.089,65.126,58.895,52.534,47.588,43.563,38.627,34.339
3602810,Baza terminala z dnia 11.01.2023,Jarzębinowa,25C,7,os.fizyczna,-,68166474,ZW,AT-WMBUS-16-2,3602810,68166474,,171.339,169.421,162.936,159.088,154.592,151.168,140.352,127.69,115.31,103.117,90.685,80.173,71.17
3602732,Baza terminala z dnia 11.01.2023,Jarzębinowa,25C,8,os.fizyczna,-,68200394,ZW,AT-WMBUS-16-2,3602732,68200394,,142.695,140.482,132.519,124.465,116.778,108.176,100.423,97.149,88.935,80.859,74.279,65.269,56.543
3602770,Baza terminala z dnia 11.01.2023,Jarzębinowa,25C,9,os.fizyczna,-,68200372,ZW,AT-WMBUS-16-2,3602770,68200372,,163.122,159.979,151.83,142.522,133.392,116.976,107.303,97.253,87,77.53,68.391,59.021,51.442
3602811,Baza terminala z dnia 11.01.2023,Jarzębinowa,25C,10,os.fizyczna,-,67914981,ZW,AT-WMBUS-16-2,3602811,67914981,,88.683,87.664,84.497,81.376,77.639,74.095,71.059,67.333,62.058,56.255,50.019,44.516,38.17
3535250,Baza terminala z dnia 11.01.2023,Jarzębinowa,25C,11,os.fizyczna,-,68167517,ZW,AT-WMBUS-16-2,3535250,68200394,,117.351,115.208,108.137,101.472,95.408,89.315,82.808,78.06,71.458,63.781,56.198,49.339,43.127
3565699,Baza terminala z dnia 11.01.2023,Jarzębinowa,25C,12,os.fizyczna,-,68161633,ZW,AT-WMBUS-16-2,3565699,68161633,,65.577,64.398,60.927,57.049,54.022,50.631,45.77,41.298,37.709,34.159,31.236,27.054,23.748
3513096,Baza terminala z dnia 11.01.2023,Jarzębinowa,25C,klatka,os.fizyczna,-,68161549,ZW,AT-WMBUS-16-2,3513096,68161549,,4.56,4.42,4.142,3.904,3.669,3.138,2.888,2.678,2.465,2.264,2.044,1.775,1.403
3562896,Baza terminala z dnia 11.01.2023,Jarzębinowa,25D,1,os.fizyczna,-,68167869,ZW,AT-WMBUS-16-2,3562896,68167869,,356.935,352,331.977,313.285,294.702,278.445,259.988,241.042,223.205,204.757,185.783,166.075,149.483
3535568,Baza terminala z dnia 11.01.2023,Jarzębinowa,25D,2,os.fizyczna,-,68167865,ZW,AT-WMBUS-16-2,3535568,68167865,,51.961,50.825,46.373,42.69,39.459,36.338,34.4,30.904,27.077,23.877,20.17,17.309,15.834
3565312,Baza terminala z dnia 11.01.2023,Jarzębinowa,25D,3,os.fizyczna,-,68167840,ZW,AT-WMBUS-16-2,3565312,68167840,,47.704,47.079,44.8,42.5,40.021,37.228,34.393,31.77,28.957,26.036,22.923,19.98,17.266
3562668,Baza terminala z dnia 11.01.2023,Jarzębinowa,25D,4,os.fizyczna,-,68167838,ZW,AT-WMBUS-16-2,3562668,68167838,,88.48,86.963,82.145,76.85,71.938,66.945,61.088,56.177,51.701,47.343,42.979,38.444,33.859
3565649,Baza terminala z dnia 11.01.2023,Jarzębinowa,25D,5,os.fizyczna,-,68167857,ZW,AT-WMBUS-16-2,3565649,68167857,,123.989,122.522,114.678,105.491,98.104,89.784,86.347,82.373,73.352,65.863,60.215,52.466,45.718
3535026,Baza terminala z dnia 11.01.2023,Jarzębinowa,25D,6,os.fizyczna,-,68167853,ZW,AT-WMBUS-16-2,3535026,68167853,,187.627,184.466,174.656,164.735,155.631,144.608,135.973,124.689,112.571,101.776,91.961,81.482,71.949
3564598,Baza terminala z dnia 11.01.2023,Jarzębinowa,25D,7,os.fizyczna,-,68167859,ZW,AT-WMBUS-16-2,3564598,68167859,,75.539,74.362,68.75,64.881,61.265,57.958,54.28,50.559,47.024,42.786,38.496,33.496,28.767
3549480,Baza terminala z dnia 11.01.2023,Jarzębinowa,25D,8,os.fizyczna,-,68167862,ZW,AT-WMBUS-16-2,3549480,68167862,,126.191,125.201,120.014,116.654,112.225,107.685,104.385,99.231,94.013,89.045,86.653,77.776,72.03
3489400,Baza terminala z dnia 11.01.2023,Jarzębinowa,25D,9,os.fizyczna,-,68167848,ZW,AT-WMBUS-16-2,3489400,68167848,,147.131,144.776,136.966,129.32,121.725,114.719,108.654,103.16,95.591,85.974,75.65,67.613,60.582
3562825,Baza terminala z dnia 11.01.2023,Jarzębinowa,25D,10,os.fizyczna,-,68167839,ZW,AT-WMBUS-16-2,3562825,68167839,,128.189,126.25,119.412,112.164,105.536,97.646,91.882,85.029,78.734,71.239,64.324,57.225,51.034
3535441,Baza terminala z dnia 11.01.2023,Jarzębinowa,25D,11,os.fizyczna,-,68167846,ZW,AT-WMBUS-16-2,3535441,68167846,,238.045,233.451,218.51,203.491,187.542,173.463,164.599,154.447,141.022,128.685,115.065,100.763,89.876
3562876,Baza terminala z dnia 11.01.2023,Jarzębinowa,25D,12,os.fizyczna,-,68167873,ZW,AT-WMBUS-16-2,3562876,68167873,,79.325,76.612,73.771,69.382,64.703,61.348,56.861,53.537,49.986,45.273,40.288,32.427,25.392
3565742,Baza terminala z dnia 11.01.2023,Jarzębinowa,25D,Lewo,os.fizyczna,-,68167860,ZW,AT-WMBUS-16-2,3565742,68167860,,9.138,9.138,9.138,9.138,9.138,8.929,7.824,6.049,4.207,3,3,3,3
3564606,Baza terminala z dnia 11.01.2023,Jarzębinowa,25E,1,os.fizyczna,-,68200386,ZW,AT-WMBUS-16-2,3564606,68200386,,235.536,232.136,219.39,207.047,193.813,181.65,167.366,153.638,139.941,126.434,112.816,100.738,89.019
3564422,Baza terminala z dnia 11.01.2023,Jarzębinowa,25E,2,os.fizyczna,-,68200414,ZW,AT-WMBUS-16-2,3564422,68200414,,25.248,25.074,24.031,23.235,22.341,21.344,20.796,19.703,18.432,16.905,15.442,14.073,12.567
3513128,Baza terminala z dnia 11.01.2023,Jarzębinowa,25E,3,os.fizyczna,-,68161492,ZW,AT-WMBUS-16-2,3513128,68161492,,11.978,11.826,11.278,10.385,9.459,8.802,8.099,7.345,6.755,6.02,4.644,4.079,3.516
3562818,Baza terminala z dnia 11.01.2023,Jarzębinowa,25E,4,os.fizyczna,-,68200373,ZW,AT-WMBUS-16-2,3562818,68200373,,169.986,166.636,159.284,148.533,137.236,127.35,119.958,108.638,99.183,89.908,79.588,69.611,60.421
3564353,Baza terminala z dnia 11.01.2023,Jarzębinowa,25E,5,os.fizyczna,-,68200435,ZW,AT-WMBUS-16-2,3564353,68200435,,207.614,204.471,193.839,184.334,172.536,162.04,150.647,139.245,128.737,116.235,103.16,86.511,73.038
3529600,Baza terminala z dnia 11.01.2023,Jarzębinowa,25E,6,os.fizyczna,-,68167861,ZW,AT-WMBUS-16-2,3529600,6816861,,227.779,223.402,211.186,198.314,185.873,171.855,164.612,155.643,142.896,128.894,116.514,101.91,89.161
3565221,Baza terminala z dnia 11.01.2023,Jarzębinowa,25E,7,os.fizyczna,-,68167855,ZW,AT-WMBUS-16-2,3565221,68167855,,116.818,112.702,99.629,87.303,86.54,86.476,86.475,86.41,86.41,86.137,85.783,85.641,76.718
3562804,Baza terminala z dnia 11.01.2023,Jarzębinowa,25E,8,os.fizyczna,-,68167868,ZW,AT-WMBUS-16-2,3562804,68167868,,139.528,136.991,127.445,119.613,110.934,102.814,94.068,85.585,77.67,69.125,61.722,54.512,48.119
3535786,Baza terminala z dnia 11.01.2023,Jarzębinowa,25E,9,os.fizyczna,-,68167870,ZW,AT-WMBUS-16-2,3535786,68167870,,131.203,128.884,120.754,113.551,106.36,99.7,93.775,86.537,79.544,72.569,65.646,57.669,50.329
3513228,Baza terminala z dnia 11.01.2023,Jarzębinowa,25E,10,os.fizyczna,-,68161499,ZW,AT-WMBUS-16-2,3513228,68161499,,154.447,152.644,146.79,140.697,136.038,130.51,127.653,116.727,107.417,97.491,87.602,76.951,67.26
3530241,Baza terminala z dnia 11.01.2023,Jarzębinowa,25E,11,os.fizyczna,-,68167864,ZW,AT-WMBUS-16-2,3530241,68167864,,172.367,169.373,160.191,149.075,140.997,130.508,119.093,110.931,102.286,89.24,80.012,73.018,64.413
3549310,Baza terminala z dnia 11.01.2023,Jarzębinowa,25E,12,os.fizyczna,-,68167854,ZW,AT-WMBUS-16-2,3549310,6816784,,36.309,35.699,33.516,31.241,28.171,26.365,24.38,22.333,20.868,18.927,17.078,15.195,13.384
3513265,Baza terminala z dnia 11.01.2023,Jarzębinowa,25E,Lewo,os.fizyczna,-,68161482,ZW,AT-WMBUS-16-2,3513265,68161482,,0.093,0.093,0.093,0.093,0.093,0.093,0.093,0.093,0.042,0.042,0.042,0.042,0.042
3513344,Baza terminala z dnia 11.01.2023,Jarzębinowa,25E,Prawo,os.fizyczna,-,68161495,ZW,AT-WMBUS-16-2,3513344,68161495,,6.162,6.162,6.162,6.101,5.839,5.634,4.267,3.471,2.786,1.664,1.658,1.658,1.658
3564375,Baza terminala z dnia 11.01.2023,Jarzębinowa,25F,1,os.fizyczna,-,68200404,ZW,AT-WMBUS-16-2,3564375,68200404,,186.212,183.001,171.551,160.906,150.355,140.044,132.573,122.42,110.193,98.863,86.993,76.929,66.931
3562784,Baza terminala z dnia 11.01.2023,Jarzębinowa,25F,2,os.fizyczna,-,68200392,ZW,AT-WMBUS-16-2,3562784,68200392,,87.643,86.667,83.909,81.136,73.837,69.063,63.691,58.64,52.692,45.551,41.515,37.608,33.262
3565374,Baza terminala z dnia 11.01.2023,Jarzębinowa,25F,3,os.fizyczna,-,68200444,ZW,AT-WMBUS-16-2,3565374,68200444,,44.323,43.547,41.343,39.126,37.989,35.964,33.347,30.622,28.56,25.652,23.028,20.192,18.099
3527556,Baza terminala z dnia 11.01.2023,Jarzębinowa,25F,4,os.fizyczna,-,68200409,ZW,AT-WMBUS-16-2,3527556,68200409,,215.877,212.31,201.78,190.531,177.726,164.615,151.803,139.65,128.068,115.883,104.454,94.107,85.394
3562767,Baza terminala z dnia 11.01.2023,Jarzębinowa,25F,5,os.fizyczna,-,68200441,ZW,AT-WMBUS-16-2,3562767,68200441,,0.054,0.054,0.054,0.054,0.054,0.054,0.054,0.054,0.054,0.054,0.054,0.054,0.054
3535321,Baza terminala z dnia 11.01.2023,Jarzębinowa,25F,6,os.fizyczna,-,68200398,ZW,AT-WMBUS-16-2,3535321,68200398,"Odłączenie urządzenia, Data wystąpienia: 16.09.2022 09:19",64.219,63.131,58.15,53.163,49.576,46.866,43.432,40.213,36.867,33.009,29.791,27.155,23.915
3564526,Baza terminala z dnia 11.01.2023,Jarzębinowa,25F,7,os.fizyczna,-,68200416,ZW,AT-WMBUS-16-2,3564526,68200416,,231.601,228.109,214.238,202.894,188.572,174.823,159.183,147.202,139.266,125.7,116.008,103.316,92.727
3527326,Baza terminala z dnia 11.01.2023,Jarzębinowa,25F,8,os.fizyczna,-,68200381,ZW,AT-WMBUS-16-2,3527326,68200381,,186.702,184.163,175.724,167.594,159.022,150.792,141.047,129.964,118.847,107.614,96.334,84.856,75.253
3535395,Baza terminala z dnia 11.01.2023,Jarzębinowa,25F,9,os.fizyczna,-,68200408,ZW,AT-WMBUS-16-2,3535395,68200408,,86.596,85.404,79.667,75.248,72.309,67.358,63.262,58.31,54.337,49.471,44.962,39.481,34.604
3564535,Baza terminala z dnia 11.01.2023,Jarzębinowa,25F,10,os.fizyczna,-,68200420,ZW,AT-WMBUS-16-2,3564535,68200420,,147.446,146.012,140.868,135.787,129.838,122.064,112.717,104.402,95.569,87.098,79.158,71.277,64.081
3564186,Baza terminala z dnia 11.01.2023,Jarzębinowa,25F,11,os.fizyczna,-,68200429,ZW,AT-WMBUS-16-2,3564186,68200429,,108.863,107.241,99.616,93.049,86.809,80.611,74.872,69.737,64.356,59.852,56.387,49.871,43.885
3530536,Baza terminala z dnia 11.01.2023,Jarzębinowa,25F,12,os.fizyczna,-,68200378,ZW,AT-WMBUS-16-2,3530536,68200378,,223.527,220.225,213.664,213.569,201.51,187.796,178.513,169.828,154.463,140.568,125.793,110.664,96.709
3565638,Baza terminala z dnia 11.01.2023,Jarzębinowa,25F,Lewo,os.fizyczna,-,68200419,ZW,AT-WMBUS-16-2,3565638,68200419,,1.611,1.611,1.611,1.611,1.611,1.611,1.545,1.118,0.846,0.601,0.601,0.601,0.601
3530115,Baza terminala z dnia 11.01.2023,Jarzębinowa,25F,Prawo,os.fizyczna,-,68200424,ZW,AT-WMBUS-16-2,3530115,68200424,,10.623,10.623,10.623,10.623,10.31,9.849,8.767,7.817,6.045,4.106,3.77,3.77,3.77
3617216,Baza terminala z dnia 11.01.2023,Różana,36B,1,os.fizyczna,-,68711944,ZW,AT-WMBUS-16-2,3617216,68711944,,183.108,180.454,177.093,171.843,165.712,155.502,134.309,102.152,80.795,57.277,50.398,43.887,37.587
3615154,Baza terminala z dnia 11.01.2023,Różana,36B,2,os.fizyczna,-,68712008,ZW,AT-WMBUS-16-2,3615154,68712008,,270.779,264.608,244.182,221.519,202.044,182.441,161.614,136.499,113.811,90.05,69.739,47.792,40.246
3611225,Baza terminala z dnia 11.01.2023,Różana,36B,3,os.fizyczna,-,68711956,ZW,AT-WMBUS-16-2,3611225,68711956,,146.705,143.722,131.811,118.521,109.606,100.406,89.72,78.301,66.776,57.344,48.374,39.488,31.876
3615064,Baza terminala z dnia 11.01.2023,Różana,36B,4,os.fizyczna,-,68711954,ZW,AT-WMBUS-16-2,3615064,68711954,,99.323,97.587,90.899,83.688,76.84,70.997,64.544,58.059,52.715,46.03,40.546,34.469,28.488
3616195,Baza terminala z dnia 11.01.2023,Różana,36C,1,os.fizyczna,-,68712012,ZW,AT-WMBUS-16-2,3616195,68712012,,143.09,139.266,129.469,120.536,111.329,104.498,96.425,83.567,74.01,66.462,58.55,50.329,40.838
3609677,Baza terminala z dnia 11.01.2023,Różana,36C,2,os.fizyczna,-,68712009,ZW,AT-WMBUS-16-2,3609677,68712009,,103.684,101.7,93.253,86.942,83.802,78.581,72.836,64.406,58.84,53.492,45.657,38.975,32.167
3617122,Baza terminala z dnia 11.01.2023,Różana,36C,3,os.fizyczna,-,68711976,ZW,AT-WMBUS-16-2,3617122,68711976,,17.161,17.054,16.04,14.66,12.637,11.163,10.068,10.01,9.225,7.828,7.215,6.584,5.338
3616381,Baza terminala z dnia 11.01.2023,Różana,36C,4,os.fizyczna,-,68711961,ZW,AT-WMBUS-16-2,3616381,68711961,,20.162,20.162,19.751,15.775,15.772,15.773,15.643,13.237,13.175,13.074,9.741,9.742,9.742
3618872,Baza terminala z dnia 11.01.2023,Różana,36D,1,os.fizyczna,-,68712007,ZW,AT-WMBUS-16-2,3618872,68712007,,249.885,246.207,232.739,220.494,207.708,195.632,182.796,150.865,130.496,91.774,78.58,66.141,56.13
3618836,Baza terminala z dnia 11.01.2023,Różana,36D,2,os.fizyczna,-,68711967,ZW,AT-WMBUS-16-2,3618836,68711967,,203.184,199.283,184.744,171.623,159.156,147.33,136.151,123.202,108.965,95.194,81.292,67.296,53.234
3618738,Baza terminala z dnia 11.01.2023,Różana,36D,3,os.fizyczna,-,68711968,ZW,AT-WMBUS-16-2,3618738,68711968,,169.375,165.316,156.596,144.431,133.178,121.781,113.904,102.065,92.054,81.291,69.97,54.729,44.665
3596857,Baza terminala z dnia 11.01.2023,Różana,36D,4,os.fizyczna,-,68711975,ZW,AT-WMBUS-16-2,3596857,68711975,,83.844,82.116,77.222,72.193,67.294,61.585,56.027,49.492,45.286,39.203,34.126,28.469,22.819
3617969,Baza terminala z dnia 11.01.2023,Różana,36D,1 ogród,os.fizyczna,-,68712005,ZW,AT-WMBUS-16-2,3617969,68712005,,57.445,57.378,57.378,,,,,,,,,,
3615218,Baza terminala z dnia 11.01.2023,Różana,36E,1,os.fizyczna,-,68712013,ZW,AT-WMBUS-16-2,3615218,68712013,,196.437,190.996,177.079,164.109,150.963,138.478,126.518,107.331,94.338,85.75,74.58,62.502,51.538
3618757,Baza terminala z dnia 11.01.2023,Różana,36E,2,os.fizyczna,-,68711953,ZW,AT-WMBUS-16-2,3618757,68711953,,110.472,108.827,103.257,96.909,90.002,83.599,77.524,69.768,62.247,53.108,45.777,38.247,31.647
3617217,Baza terminala z dnia 11.01.2023,Różana,36E,3,os.fizyczna,-,68711958,ZW,AT-WMBUS-16-2,3617217,68711958,,195.148,191.351,178.25,164.502,150.445,135.655,124.531,115.937,102.038,88.803,76.692,63.028,52.689
3612318,Baza terminala z dnia 11.01.2023,Różana,36E,4,os.fizyczna,-,68712024,ZW,AT-WMBUS-16-2,3612318,68712024,,148.085,145.979,135.959,126.559,117.074,107.328,98.607,88.641,79.606,69.321,61.494,51.371,42.533
